date,open,high,low,adjClose,value,volume,count,yesterday,close
2019-02-27,471.0,471.0,471.0,471.0,196000000000,49000000,1232,118.0,471.0
2019-03-02,495.0,555.0,495.0,519.0,29386334190,6664931,325,471.0,555.0
2019-03-04,607.0,695.0,607.0,620.0,52641661450,9999368,710,519.0,695.0
2019-03-06,718.0,783.0,718.0,742.0,75429934000,11974661,803,620.0,783.0
2019-03-09,825.0,844.0,825.0,831.0,82494797015,11688938,928,742.0,844.0
2019-03-11,836.0,836.0,766.0,831.0,79847231500,11322287,971,831.0,766.0
2019-03-13,707.0,707.0,707.0,707.0,34822086000,5803681,375,831.0,707.0
2019-03-16,707.0,707.0,614.0,684.0,22727864460,3913604,295,707.0,614.0
2019-03-18,660.0,689.0,660.0,661.0,105991077400,18887729,927,684.0,689.0
2019-03-25,689.0,704.0,689.0,690.0,23305151316,3977955,284,661.0,704.0
2019-03-27,689.0,689.0,652.0,682.0,13493678720,2328721,254,690.0,652.0
2019-03-30,683.0,683.0,654.0,668.0,6430369950,1133989,107,682.0,654.0
2019-04-06,668.0,668.0,618.0,625.0,6765897870,1274550,97,668.0,618.0
2019-04-08,648.0,648.0,632.0,648.0,44238897000,8046960,526,625.0,632.0
2019-04-10,703.0,703.0,674.0,694.0,5334971380,905454,88,648.0,674.0
2019-04-13,703.0,703.0,654.0,679.0,5643532650,978369,93,694.0,654.0
2019-04-15,636.0,663.0,636.0,639.0,51128146908,9425215,556,679.0,663.0
2019-04-17,658.0,658.0,642.0,654.0,10120925500,1822884,117,639.0,642.0
2019-04-20,636.0,654.0,636.0,639.0,31028040800,5720316,309,654.0,654.0
2019-04-22,667.0,684.0,667.0,673.0,23908975435,4187031,249,639.0,684.0
2019-04-24,707.0,707.0,677.0,691.0,6103054787,1040680,75,673.0,677.0
2019-04-27,665.0,671.0,665.0,666.0,14281187600,2524805,168,691.0,671.0
2019-05-08,671.0,703.0,671.0,675.0,23427546180,4086608,303,666.0,703.0
2019-05-11,695.0,695.0,689.0,695.0,18562960500,3147025,254,675.0,689.0
2019-05-13,707.0,753.0,707.0,717.0,7257365912,1192092,136,695.0,753.0
2019-05-15,796.0,796.0,796.0,796.0,44779693400,6624215,534,717.0,796.0
2019-05-18,836.0,836.0,789.0,831.0,2658282300,376625,75,796.0,789.0
2019-05-20,786.0,786.0,742.0,767.0,5417540100,832214,94,831.0,742.0
2019-05-22,742.0,742.0,714.0,736.0,20709236700,3313589,226,767.0,714.0
2019-05-25,707.0,707.0,695.0,705.0,4641591658,775318,104,736.0,695.0
2019-05-29,707.0,707.0,654.0,701.0,15631412754,2625690,207,705.0,654.0
2019-06-01,705.0,705.0,660.0,685.0,1999169428,343728,60,701.0,660.0
2019-06-03,648.0,648.0,647.0,648.0,19350823650,3518794,360,685.0,647.0
2019-06-08,705.0,705.0,671.0,701.0,4888860230,821884,82,648.0,671.0
2019-06-10,685.0,685.0,671.0,680.0,5734978740,993109,101,701.0,671.0
2019-06-12,660.0,671.0,660.0,661.0,15905174200,2831875,496,680.0,671.0
2019-06-26,783.0,806.0,783.0,784.0,28413777040,4466204,594,661.0,806.0
2019-07-01,803.0,888.0,803.0,838.0,11632500452,1712002,225,784.0,888.0
2019-07-03,925.0,1048.0,925.0,977.0,8479921227,1069710,164,838.0,1048.0
2019-07-06,1074.0,1074.0,1071.0,1074.0,36030314040,4136986,695,977.0,1071.0
2019-07-08,1039.0,1039.0,986.0,1029.0,19607621682,2347818,324,1074.0,986.0
2019-07-10,1035.0,1035.0,955.0,981.0,3737055300,469796,72,1029.0,955.0
2019-07-13,961.0,961.0,900.0,912.0,2752525700,371874,63,981.0,900.0
2019-07-15,888.0,925.0,888.0,892.0,9985922584,1379702,218,912.0,925.0
2019-07-17,931.0,931.0,924.0,930.0,8189470600,1085276,154,892.0,924.0
2019-07-20,949.0,949.0,863.0,867.0,2200050300,312713,56,930.0,863.0
2019-07-22,888.0,888.0,888.0,888.0,7352920800,1021239,166,867.0,888.0
2019-07-24,906.0,906.0,863.0,878.0,2212064400,310638,57,888.0,863.0
2019-07-27,888.0,888.0,863.0,882.0,5234392400,731782,152,878.0,863.0
2019-07-29,863.0,863.0,844.0,861.0,7503235600,1074220,208,882.0,844.0
2019-07-31,851.0,863.0,851.0,853.0,6196251100,895659,246,861.0,863.0
2019-08-03,863.0,881.0,863.0,864.0,6992793775,997343,193,853.0,881.0
2019-08-05,863.0,900.0,863.0,866.0,8478230783,1206421,227,864.0,900.0
2019-08-07,901.0,974.0,901.0,924.0,3800015577,507125,110,866.0,974.0
2019-08-10,1022.0,1103.0,1022.0,1024.0,180393197926,21708703,1101,924.0,1103.0
2019-08-14,1235.0,1235.0,1109.0,1190.0,19051331580,1972572,301,1024.0,1109.0
2019-08-17,986.0,1109.0,986.0,1003.0,47600415000,5853018,332,1190.0,1109.0
2019-08-19,1048.0,1109.0,1048.0,1084.0,10421583630,1184960,118,1003.0,1109.0
2019-08-21,1156.0,1233.0,1156.0,1161.0,108448592279,11516209,650,1084.0,1233.0
2019-08-24,1350.0,1394.0,1350.0,1351.0,65687313290,5991249,557,1161.0,1394.0
2019-08-26,1453.0,1453.0,1406.0,1448.0,22601833068,1924313,464,1351.0,1406.0
2019-08-28,1233.0,1294.0,1233.0,1239.0,88598292500,8815380,623,1448.0,1294.0
2019-08-31,1294.0,1294.0,1270.0,1294.0,86411478100,8232867,677,1239.0,1270.0
2019-09-02,1255.0,1255.0,1255.0,1255.0,57128513952,5610736,262,1294.0,1255.0
2019-09-04,1239.0,1270.0,1239.0,1240.0,22770078400,2262873,287,1255.0,1270.0
2019-09-16,1315.0,1315.0,1315.0,1315.0,1117798650,104810,12,1240.0,1315.0
2019-09-17,1354.0,1354.0,1275.0,1324.0,24965198526,2323828,371,1315.0,1275.0
2019-09-18,1275.0,1275.0,1275.0,1275.0,2004113314,193709,42,1324.0,1275.0
2019-09-21,1275.0,1294.0,1275.0,1279.0,12162436235,1172161,191,1275.0,1294.0
2019-09-22,1344.0,1354.0,1282.0,1325.0,11526632037,1072560,259,1279.0,1354.0
2019-09-23,1354.0,1434.0,1354.0,1430.0,960472950,82763,35,1325.0,1434.0
2019-09-24,1475.0,1475.0,1391.0,1422.0,6555202343,568398,169,1430.0,1391.0
2019-09-25,1379.0,1379.0,1379.0,1379.0,1750877248,156496,70,1422.0,1379.0
2019-09-28,1338.0,1405.0,1338.0,1340.0,8387672551,771748,226,1379.0,1338.0
2019-09-29,1299.0,1344.0,1299.0,1300.0,11787089410,1117813,223,1340.0,1299.0
2019-09-30,1273.0,1324.0,1261.0,1275.0,5931363932,573412,234,1300.0,1268.0
2019-10-01,1275.0,1294.0,1237.0,1257.0,4779271477,468521,160,1275.0,1237.0
2019-10-02,1220.0,1220.0,1220.0,1220.0,1031256900,104220,57,1257.0,1220.0
2019-10-05,1183.0,1233.0,1183.0,1199.0,5811074267,597510,177,1220.0,1183.0
2019-10-06,1207.0,1235.0,1169.0,1231.0,7407154349,741939,195,1199.0,1235.0
2019-10-07,1265.0,1268.0,1209.0,1246.0,3440667680,340508,153,1231.0,1263.0
2019-10-08,1282.0,1283.0,1208.0,1267.0,4938047236,480326,191,1246.0,1267.0
2019-10-09,1280.0,1282.0,1232.0,1250.0,9143432379,901904,257,1267.0,1245.0
2019-10-12,1231.0,1287.0,1231.0,1277.0,6101189943,589070,356,1250.0,1282.0
2019-10-13,1300.0,1300.0,1238.0,1247.0,4510162978,445929,128,1277.0,1238.0
2019-10-14,1276.0,1276.0,1209.0,1213.0,2728859103,277301,121,1247.0,1209.0
2019-10-15,1249.0,1249.0,1177.0,1180.0,532870850,55677,34,1213.0,1177.0
2019-10-16,1144.0,1144.0,1144.0,1144.0,607192168,65402,35,1180.0,1144.0
2019-10-20,1087.0,1087.0,1087.0,1087.0,456232140,51727,19,1144.0,1087.0
2019-10-21,1055.0,1055.0,1055.0,1055.0,436929252,51067,16,1087.0,1055.0
2019-10-22,1023.0,1083.0,1023.0,1026.0,4094331486,491947,168,1055.0,1023.0
2019-10-23,995.0,1041.0,995.0,999.0,6355249896,783930,90,1026.0,1040.0
2019-10-26,1029.0,1029.0,1029.0,1029.0,2196242704,263048,126,999.0,1029.0
2019-10-28,1060.0,1060.0,1060.0,1060.0,217460111,25289,14,1029.0,1060.0
2019-10-30,1092.0,1092.0,1092.0,1092.0,105740640,11940,7,1060.0,1092.0
2019-11-02,1124.0,1124.0,1098.0,1124.0,7432015176,815074,161,1092.0,1124.0
2019-11-03,1146.0,1157.0,1091.0,1112.0,5286040724,585728,164,1124.0,1154.0
2019-11-04,1146.0,1146.0,1111.0,1131.0,1196563045,130448,123,1112.0,1136.0
2019-11-05,1158.0,1158.0,1097.0,1126.0,1460912080,159955,140,1131.0,1146.0
2019-11-09,1156.0,1156.0,1092.0,1105.0,5805766431,647831,240,1126.0,1092.0
2019-11-10,1072.0,1097.0,1072.0,1074.0,3707771344,425651,210,1105.0,1096.0
2019-11-11,1097.0,1106.0,1074.0,1100.0,2310753522,259016,104,1074.0,1106.0
2019-11-12,1122.0,1133.0,1109.0,1129.0,2765436153,301896,122,1100.0,1133.0
2019-11-13,1159.0,1163.0,1129.0,1160.0,2849097472,302705,105,1129.0,1163.0
2019-11-16,1195.0,1195.0,1172.0,1195.0,4972054807,513029,192,1160.0,1195.0
2019-11-17,1159.0,1190.0,1159.0,1159.0,1886993998,200697,65,1195.0,1159.0
2019-11-18,1183.0,1194.0,1124.0,1179.0,2733979017,285929,120,1159.0,1194.0
2019-11-19,1213.0,1214.0,1194.0,1212.0,3366538403,342473,115,1179.0,1214.0
2019-11-20,1248.0,1248.0,1236.0,1247.0,4646235469,459148,169,1212.0,1248.0
2019-11-23,1285.0,1285.0,1257.0,1284.0,5578021654,535428,202,1247.0,1285.0
2019-11-24,1300.0,1323.0,1285.0,1320.0,6085253156,568407,226,1284.0,1323.0
2019-11-25,1358.0,1358.0,1280.0,1297.0,7888405134,749539,454,1320.0,1281.0
2019-11-26,1263.0,1263.0,1258.0,1259.0,3088848391,302538,93,1297.0,1258.0
2019-11-27,1221.0,1221.0,1221.0,1221.0,3241202848,327262,96,1259.0,1221.0
2019-11-30,1233.0,1257.0,1195.0,1247.0,6855226360,677586,272,1221.0,1256.0
2019-12-01,1284.0,1284.0,1257.0,1281.0,5647862111,543266,250,1247.0,1284.0
2019-12-02,1319.0,1319.0,1243.0,1262.0,3832861007,374398,184,1281.0,1243.0
2019-12-03,1276.0,1276.0,1224.0,1228.0,9366942445,940177,353,1262.0,1263.0
2019-12-04,1265.0,1265.0,1226.0,1243.0,9662436683,958035,256,1228.0,1241.0
2019-12-07,1276.0,1276.0,1241.0,1253.0,5325985067,523796,203,1243.0,1260.0
2019-12-08,1283.0,1291.0,1245.0,1286.0,8048950308,771721,227,1253.0,1291.0
2019-12-09,1324.0,1324.0,1324.0,1324.0,19613255600,1825860,297,1286.0,1324.0
2019-12-10,1364.0,1364.0,1294.0,1360.0,19486264150,1765809,389,1324.0,1337.0
2019-12-11,1319.0,1401.0,1319.0,1387.0,24503186453,2178040,458,1360.0,1401.0
2019-12-14,1428.0,1428.0,1428.0,1428.0,1810202249,156227,39,1387.0,1428.0
2019-12-15,1471.0,1471.0,1418.0,1470.0,24561362659,2060250,343,1428.0,1471.0
2019-12-16,1543.0,1543.0,1485.0,1542.0,7830802832,626128,165,1470.0,1543.0
2019-12-17,1588.0,1588.0,1588.0,1588.0,6544171938,508009,94,1542.0,1588.0
2019-12-18,1635.0,1635.0,1635.0,1635.0,4581427132,345299,49,1588.0,1635.0
2019-12-21,1685.0,1685.0,1685.0,1685.0,7748840656,567016,60,1635.0,1685.0
2019-12-22,1769.0,1769.0,1736.0,1768.0,32996649269,2299929,411,1685.0,1769.0
2019-12-23,1821.0,1821.0,1715.0,1794.0,50943687145,3499602,1022,1768.0,1821.0
2019-12-24,1787.0,1848.0,1787.0,1837.0,14876054978,998351,355,1794.0,1848.0
2019-12-25,1886.0,1891.0,1788.0,1847.0,21815580053,1455953,694,1837.0,1889.0
2019-12-28,1898.0,1902.0,1847.0,1890.0,22713422482,1481449,682,1847.0,1902.0
2019-12-29,1946.0,1946.0,1923.0,1944.0,7836694940,496789,182,1890.0,1946.0
2019-12-30,2003.0,2003.0,2003.0,2003.0,5518974408,339671,102,1944.0,2003.0
2019-12-31,2103.0,2103.0,2002.0,2097.0,49633128118,2916852,1090,2003.0,2071.0
2020-01-01,2035.0,2035.0,2035.0,2035.0,4590929322,278137,231,2097.0,2035.0
2020-01-04,1974.0,1974.0,1974.0,1974.0,302047515,18865,29,2035.0,1974.0
2020-01-05,1914.0,1914.0,1914.0,1914.0,505005996,32516,34,1974.0,1914.0
2020-01-07,1819.0,1856.0,1819.0,1820.0,13609522663,921875,302,1914.0,1819.0
2020-01-08,1783.0,1783.0,1783.0,1783.0,290951480,20110,21,1820.0,1783.0
2020-01-11,1819.0,1819.0,1819.0,1819.0,3692747409,250237,54,1783.0,1819.0
2020-01-12,1873.0,1873.0,1765.0,1807.0,46681654626,3183993,1046,1819.0,1765.0
2020-01-13,1830.0,1848.0,1753.0,1784.0,21396829209,1478546,847,1807.0,1775.0
2020-01-14,1827.0,1837.0,1738.0,1807.0,18842489083,1285382,535,1784.0,1837.0
2020-01-15,1861.0,1861.0,1825.0,1861.0,50591367782,3351151,798,1807.0,1861.0
2020-01-18,1917.0,1917.0,1849.0,1909.0,28209500440,1821136,606,1861.0,1917.0
2020-01-19,1948.0,1948.0,1852.0,1864.0,10742366880,710591,445,1909.0,1852.0
2020-01-20,1808.0,1856.0,1808.0,1811.0,21115076847,1436829,625,1864.0,1814.0
2020-01-21,1814.0,1849.0,1757.0,1763.0,13100302239,915762,340,1811.0,1757.0
2020-01-22,1714.0,1798.0,1711.0,1745.0,13553568032,957645,514,1763.0,1738.0
2020-01-25,1726.0,1797.0,1701.0,1769.0,30236672672,2106909,784,1745.0,1797.0
2020-01-26,1822.0,1822.0,1726.0,1789.0,20933437314,1442088,686,1769.0,1787.0
2020-01-27,1824.0,1842.0,1736.0,1813.0,15827800567,1075837,430,1789.0,1817.0
2020-01-28,1813.0,1860.0,1793.0,1819.0,12809468674,868030,538,1813.0,1800.0
2020-02-01,1849.0,1849.0,1765.0,1814.0,32585434551,2214669,1056,1819.0,1787.0
2020-02-02,1818.0,1868.0,1764.0,1855.0,43625811852,2898163,919,1814.0,1868.0
2020-02-03,1911.0,1911.0,1911.0,1911.0,8396051664,541541,70,1855.0,1911.0
2020-02-04,1968.0,1968.0,1935.0,1968.0,40936034509,2563588,757,1911.0,1968.0
2020-02-05,2067.0,2067.0,1979.0,2056.0,47776179533,2864344,1067,1968.0,2067.0
2020-02-08,2118.0,2118.0,2022.0,2102.0,43599491113,2556673,1127,2056.0,2035.0
2020-02-09,2095.0,2095.0,2039.0,2041.0,13098837014,791167,441,2102.0,2039.0
2020-02-10,1980.0,1980.0,1980.0,1980.0,7649394060,476301,246,2041.0,1980.0
2020-02-12,1920.0,2039.0,1920.0,1992.0,58080660345,3593430,1428,1980.0,2039.0
2020-02-15,2052.0,2052.0,1997.0,2047.0,25520561922,1536956,733,1992.0,2052.0
2020-02-16,2106.0,2108.0,2000.0,2086.0,21780646840,1287144,720,2047.0,2070.0
2020-02-17,2093.0,2126.0,2024.0,2074.0,26505613789,1575349,968,2086.0,2026.0
2020-02-18,2034.0,2034.0,2012.0,2014.0,12527881629,766615,480,2074.0,2012.0
2020-02-19,1964.0,2075.0,1963.0,2037.0,25574576876,1547769,808,2014.0,2034.0
2020-02-22,1976.0,2083.0,1976.0,2023.0,21797638327,1327911,677,2037.0,2056.0
2020-02-23,2083.0,2084.0,2057.0,2082.0,36194521260,2142837,941,2023.0,2084.0
2020-02-24,2137.0,2144.0,2116.0,2143.0,42277561206,2431622,571,2082.0,2144.0
2020-02-25,2207.0,2207.0,2207.0,2207.0,4200930272,234584,88,2143.0,2207.0
2020-02-26,2274.0,2274.0,2157.0,2257.0,41318333294,2256129,924,2207.0,2206.0
2020-02-29,2190.0,2190.0,2190.0,2190.0,2017642110,113574,93,2257.0,2190.0
2020-03-01,2124.0,2243.0,2124.0,2172.0,85650695211,4859798,1952,2190.0,2145.0
2020-03-02,2157.0,2230.0,2110.0,2143.0,86028337564,4947764,2041,2172.0,2182.0
2020-03-03,2199.0,2199.0,2132.0,2169.0,40120074357,2280375,1323,2143.0,2194.0
2020-03-04,2218.0,2231.0,2157.0,2183.0,33694621818,1902339,985,2169.0,2231.0
2020-03-07,2218.0,2218.0,2118.0,2133.0,15846094581,920420,577,2183.0,2118.0
2020-03-09,2069.0,2069.0,2069.0,2069.0,20359281584,1212656,243,2133.0,2069.0
2020-03-10,2007.0,2007.0,2007.0,2058.0,3298403580,202530,125,2069.0,2007.0
2020-03-11,1956.0,2022.0,1956.0,1971.0,19944968507,1247183,714,2058.0,1956.0
2020-03-14,1912.0,1912.0,1912.0,1966.0,1857309438,119726,71,1971.0,1912.0
2020-03-15,1907.0,1907.0,1907.0,1964.0,659076012,42609,42,1966.0,1907.0
2020-03-16,1905.0,1912.0,1905.0,1905.0,52789925816,3415670,751,1964.0,1905.0
2020-03-17,1848.0,1893.0,1848.0,1887.0,6065410441,404406,267,1905.0,1848.0
2020-03-18,1830.0,1943.0,1830.0,1851.0,24377408680,1623101,845,1887.0,1923.0
2020-03-24,1907.0,1907.0,1796.0,1830.0,12009948990,815210,463,1851.0,1796.0
2020-03-25,1775.0,1885.0,1775.0,1832.0,33623133601,2261689,928,1830.0,1849.0
2020-03-28,1782.0,1874.0,1778.0,1808.0,44590790422,3039743,1509,1832.0,1845.0
2020-03-29,1862.0,1862.0,1795.0,1829.0,25649103893,1728177,1092,1808.0,1831.0
2020-03-30,1884.0,1884.0,1775.0,1791.0,32119843901,2210456,1047,1829.0,1780.0
2020-04-04,1845.0,1845.0,1800.0,1834.0,16677757815,1114692,449,1791.0,1845.0
2020-04-05,1889.0,1889.0,1849.0,1886.0,23088639943,1508842,632,1834.0,1889.0
2020-04-06,1943.0,1943.0,1943.0,1943.0,22493894307,1427187,361,1886.0,1943.0
2020-04-07,2040.0,2040.0,2001.0,1998.0,13118429297,793162,452,1943.0,2040.0
2020-04-08,2058.0,2058.0,2058.0,2025.0,10310080528,617518,378,1998.0,2058.0
2020-04-11,2086.0,2086.0,1964.0,1987.0,19755729963,1225873,762,2025.0,1964.0
2020-04-12,2046.0,2046.0,1927.0,1954.0,42739245163,2696253,1127,1987.0,1933.0
2020-04-13,2008.0,2008.0,1897.0,1934.0,31539839109,2010205,616,1954.0,1960.0
2020-04-14,1881.0,1960.0,1876.0,1885.0,22968923798,1501714,676,1934.0,1887.0
2020-04-15,1837.0,1942.0,1837.0,1922.0,28359613114,1819253,831,1885.0,1941.0
2020-04-18,1948.0,1979.0,1948.0,1975.0,21619414270,1349533,317,1922.0,1979.0
2020-04-19,2034.0,2034.0,1972.0,2027.0,60207374905,3661964,948,1975.0,1985.0
2020-04-20,2083.0,2087.0,1986.0,2044.0,37256801656,2246254,818,2027.0,2087.0
2020-04-21,2028.0,2095.0,1989.0,2066.0,27493371541,1640427,540,2044.0,2046.0
2020-04-22,2128.0,2192.0,2128.0,2157.0,17659301883,997180,294,2066.0,2192.0
2020-04-25,2221.0,2221.0,2221.0,2186.0,9317337956,516998,185,2157.0,2221.0
2020-04-26,2252.0,2252.0,2186.0,2243.0,53523909425,2941183,697,2186.0,2252.0
2020-04-27,2310.0,2310.0,2310.0,2261.0,5683214974,303218,133,2243.0,2310.0
2020-04-29,2329.0,2329.0,2329.0,2262.0,153373374,8118,9,2261.0,2329.0
2020-05-02,2329.0,2329.0,2329.0,2294.0,9889555980,523340,141,2262.0,2329.0
2020-05-03,2363.0,2363.0,2363.0,2353.0,17924030957,935053,175,2294.0,2363.0
2020-05-04,2424.0,2424.0,2332.0,2419.0,40932320252,2085412,455,2353.0,2424.0
2020-05-05,2540.0,2540.0,2342.0,2499.0,63049820589,3110434,901,2419.0,2490.0
2020-05-06,2515.0,2574.0,2424.0,2502.0,38994148641,1921457,696,2499.0,2574.0
2020-05-09,2576.0,2576.0,2576.0,2563.0,16795739394,803547,128,2502.0,2576.0
2020-05-10,2639.0,2639.0,2639.0,2639.0,24418932304,1140379,343,2563.0,2639.0
2020-05-11,2719.0,2719.0,2589.0,2707.0,36167831628,1647089,478,2639.0,2719.0
2020-05-12,2784.0,2784.0,2626.0,2682.0,12433167150,575304,211,2707.0,2626.0
2020-05-13,2601.0,2601.0,2601.0,2638.0,11396096688,539997,116,2682.0,2601.0
2020-05-16,2559.0,2559.0,2559.0,2634.0,995491406,47957,27,2638.0,2559.0
2020-05-17,2502.0,2502.0,2502.0,2629.0,730728000,36000,28,2634.0,2502.0
2020-05-18,2550.0,2550.0,2550.0,2578.0,12308170000,595000,102,2629.0,2550.0
2020-05-19,2501.0,2501.0,2501.0,2538.0,10008434295,493245,82,2578.0,2501.0
2020-05-20,2462.0,2462.0,2462.0,2534.0,794027170,39761,37,2538.0,2462.0
2020-05-23,2408.0,2408.0,2408.0,2524.0,1610847444,82468,36,2534.0,2408.0
2020-05-26,2448.0,2448.0,2448.0,2522.0,509826060,25671,15,2524.0,2448.0
2020-05-27,2446.0,2446.0,2446.0,2517.0,1285777395,64791,39,2522.0,2446.0
2020-05-30,2441.0,2501.0,2441.0,2442.0,49596682312,2503881,600,2517.0,2501.0
2020-05-31,2515.0,2515.0,2515.0,2515.0,41028340392,2010996,404,2442.0,2515.0
2020-06-01,2590.0,2590.0,2590.0,2535.0,5583840080,265720,105,2515.0,2590.0
2020-06-02,2611.0,2611.0,2611.0,2611.0,21589336910,1019086,143,2535.0,2611.0
2020-06-06,2742.0,2742.0,2742.0,2684.0,11631454332,522903,116,2611.0,2742.0
2020-06-07,2764.0,2764.0,2764.0,2736.0,13780655850,614522,129,2684.0,2764.0
2020-06-08,2818.0,2818.0,2654.0,2810.0,82255687219,3608385,679,2736.0,2818.0
2020-06-09,2894.0,2894.0,2810.0,2891.0,33561219623,1431188,456,2810.0,2894.0
2020-06-10,3035.0,3035.0,3035.0,2948.0,9254941982,375881,126,2891.0,3035.0
2020-06-13,3036.0,3036.0,2948.0,3034.0,84865095246,3447786,874,2948.0,3036.0
2020-06-14,3125.0,3125.0,2943.0,2974.0,38903180952,1612526,557,3034.0,2943.0
2020-06-15,2885.0,2885.0,2885.0,2911.0,13812895257,590219,192,2974.0,2885.0
2020-06-16,2824.0,2983.0,2824.0,2857.0,103404423591,4461616,1456,2911.0,2939.0
2020-06-20,2942.0,2942.0,2942.0,2942.0,28619634159,1198929,405,2857.0,2942.0
2020-06-21,3031.0,3031.0,2854.0,3004.0,50835181786,2085969,717,2942.0,3031.0
2020-06-29,3070.0,3070.0,2978.0,3004.0,3080921500,128619,66,3004.0,2978.0
2020-06-30,2913.0,3039.0,2913.0,2931.0,257191066407,10996812,2776,3004.0,2945.0
2020-07-01,3008.0,3019.0,3004.0,3017.0,89031202287,3698263,963,2931.0,3019.0
2020-07-04,3107.0,3107.0,2927.0,3000.0,110966762557,4635739,1453,3017.0,2927.0
2020-07-05,2910.0,3008.0,2910.0,2919.0,97433384120,4183207,1160,3000.0,2914.0
2020-07-06,3003.0,3003.0,2832.0,2935.0,87912828507,3754088,1618,2919.0,2995.0
2020-07-07,2993.0,2995.0,2847.0,2857.0,46761260370,2050957,766,2935.0,2847.0
2020-07-08,2772.0,2772.0,2772.0,2817.0,8668742172,391967,231,2857.0,2772.0
2020-07-11,2732.0,2732.0,2732.0,2799.0,4138623657,189819,122,2817.0,2732.0
2020-07-12,2659.0,2933.0,2659.0,2747.0,111886748430,5103748,1965,2799.0,2659.0
2020-07-13,2669.0,2694.0,2665.0,2668.0,18644873168,876305,342,2747.0,2665.0
2020-07-14,2590.0,2748.0,2590.0,2720.0,62331622208,2871390,1184,2668.0,2748.0
2020-07-15,2802.0,2802.0,2801.0,2802.0,27865330231,1246285,570,2720.0,2802.0
2020-07-18,2886.0,2886.0,2886.0,2869.0,16488787029,716001,475,2802.0,2886.0
2020-07-19,2951.0,2951.0,2783.0,2803.0,32712624171,1462486,794,2869.0,2783.0
2020-07-20,2720.0,2781.0,2719.0,2722.0,60006805937,2762542,1507,2803.0,2719.0
2020-07-21,2641.0,2722.0,2641.0,2650.0,45428425876,2148192,719,2722.0,2643.0
2020-07-22,2707.0,2707.0,2571.0,2581.0,24877228030,1207881,611,2650.0,2571.0
2020-07-25,2571.0,2627.0,2504.0,2516.0,23141469047,1152693,755,2581.0,2506.0
2020-07-26,2481.0,2506.0,2441.0,2445.0,26045078209,1335043,646,2516.0,2441.0
2020-07-27,2372.0,2437.0,2372.0,2375.0,18183656444,959820,473,2445.0,2372.0
2020-07-28,2304.0,2411.0,2304.0,2330.0,41501174548,2232583,889,2375.0,2306.0
2020-07-29,2326.0,2399.0,2265.0,2375.0,14592836225,766157,380,2330.0,2399.0
2020-08-01,2446.0,2446.0,2446.0,2397.0,6525296796,334322,127,2375.0,2446.0
2020-08-02,2469.0,2469.0,2469.0,2416.0,5505766914,279438,97,2397.0,2469.0
2020-08-03,2537.0,2537.0,2537.0,2519.0,18117254576,894856,417,2416.0,2537.0
2020-08-04,2594.0,2594.0,2594.0,2537.0,5235013787,252887,141,2519.0,2594.0
2020-08-05,2613.0,2613.0,2613.0,2561.0,6919698000,331880,124,2537.0,2613.0
2020-08-09,2638.0,2638.0,2638.0,2597.0,9828864812,466996,146,2561.0,2638.0
2020-08-10,2727.0,2727.0,2506.0,2695.0,72280585524,3360745,1189,2597.0,2702.0
2020-08-11,2707.0,2757.0,2614.0,2665.0,11624299333,551318,301,2695.0,2614.0
2020-08-12,2614.0,2693.0,2586.0,2596.0,28639609509,1382445,466,2665.0,2663.0
2020-08-15,2657.0,2657.0,2518.0,2566.0,9270643152,458829,221,2596.0,2532.0
2020-08-16,2489.0,2506.0,2489.0,2513.0,13269313370,668117,167,2566.0,2506.0
2020-08-17,2437.0,2506.0,2437.0,2481.0,7806983235,401353,138,2513.0,2437.0
2020-08-18,2556.0,2556.0,2407.0,2478.0,12833605704,649519,427,2481.0,2407.0
2020-08-19,2404.0,2478.0,2404.0,2454.0,5887474600,306950,119,2478.0,2404.0
2020-08-22,2507.0,2507.0,2381.0,2430.0,14664998744,759050,449,2454.0,2465.0
2020-08-25,2503.0,2503.0,2503.0,2435.0,1400685567,70143,28,2430.0,2503.0
2020-08-26,2506.0,2508.0,2362.0,2480.0,19379283649,978460,493,2435.0,2508.0
2020-08-31,2543.0,2543.0,2406.0,2450.0,10722755202,554043,172,2480.0,2406.0
2020-09-01,2377.0,2377.0,2377.0,2427.0,6029409695,317923,116,2450.0,2377.0
2020-09-02,2354.0,2356.0,2354.0,2390.0,9614509085,511785,153,2427.0,2354.0
2020-09-05,2320.0,2381.0,2319.0,2321.0,22394711051,1209240,344,2390.0,2321.0
2020-09-06,2256.0,2325.0,2251.0,2298.0,6841306605,379784,137,2321.0,2251.0
2020-09-07,2229.0,2229.0,2229.0,2297.0,172391604,9692,12,2298.0,2229.0
2020-09-08,2229.0,2229.0,2229.0,2229.0,18789251055,1056585,66,2297.0,2229.0
2020-09-09,2162.0,2162.0,2162.0,2222.0,1807610250,104789,21,2229.0,2162.0
2020-09-12,2155.0,2155.0,2155.0,2162.0,17411132466,1012334,28,2222.0,2155.0
2020-09-13,2054.0,2068.0,2054.0,2076.0,14800440577,902941,169,2162.0,2054.0
2020-09-14,2014.0,2014.0,2014.0,2036.0,11589234728,721305,169,2076.0,2014.0
2020-09-15,2096.0,2097.0,1980.0,2056.0,12452667014,755365,322,2036.0,2047.0
2020-09-16,2105.0,2105.0,1994.0,2025.0,11889499854,741454,241,2056.0,1994.0
2020-09-19,1965.0,1999.0,1965.0,2008.0,5488617846,350078,143,2025.0,1965.0
2020-09-20,1948.0,1948.0,1948.0,2008.0,117380295,7551,13,2008.0,1948.0
2020-09-21,1948.0,2003.0,1948.0,1985.0,7390136199,475479,85,2008.0,1948.0
2020-09-22,1925.0,1925.0,1925.0,1955.0,9656889903,628581,84,1985.0,1925.0
2020-09-23,1896.0,1925.0,1896.0,1908.0,14858819423,982065,153,1955.0,1896.0
2020-09-26,1851.0,1851.0,1851.0,1907.0,570382165,38615,26,1908.0,1851.0
2020-09-27,1849.0,1849.0,1849.0,1885.0,7424897380,503110,42,1907.0,1849.0
2020-09-28,1828.0,1828.0,1828.0,1863.0,7352352000,504000,40,1885.0,1828.0
2020-09-29,1807.0,1855.0,1807.0,1839.0,8058948609,558691,93,1863.0,1807.0
2020-09-30,1785.0,1895.0,1784.0,1827.0,6580644643,457494,143,1839.0,1816.0
2020-10-03,1774.0,1881.0,1774.0,1850.0,10310869478,690205,257,1827.0,1881.0
2020-10-04,1905.0,1905.0,1794.0,1845.0,3653256782,250818,116,1850.0,1842.0
2020-10-05,1884.0,1884.0,1790.0,1840.0,2006317138,140281,82,1845.0,1790.0
2020-10-07,1895.0,1895.0,1785.0,1826.0,6205528370,432795,160,1840.0,1785.0
2020-10-10,1772.0,1881.0,1772.0,1813.0,71581456801,4948269,282,1826.0,1881.0
2020-10-11,1867.0,1867.0,1817.0,1862.0,67071596974,4513609,239,1813.0,1867.0
2020-10-12,1918.0,1918.0,1867.0,1905.0,82745900603,5443237,475,1862.0,1918.0
2020-10-13,1962.0,1962.0,1920.0,1924.0,6975598502,445519,174,1905.0,1962.0
2020-10-14,1981.0,1981.0,1944.0,1980.0,72490292010,4589156,256,1924.0,1981.0
2020-10-18,2011.0,2011.0,1920.0,1963.0,6311748798,410448,142,1980.0,1920.0
2020-10-19,1904.0,1904.0,1904.0,1940.0,7377904116,485676,81,1963.0,1904.0
2020-10-20,1882.0,1882.0,1882.0,1900.0,12965189800,863425,65,1940.0,1882.0
2020-10-21,1847.0,1941.0,1843.0,1892.0,2750069400,186739,98,1900.0,1843.0
2020-10-24,1836.0,1836.0,1836.0,1849.0,14708180519,1004177,45,1892.0,1836.0
2020-10-26,1757.0,1757.0,1757.0,1848.0,276264100,19705,11,1849.0,1757.0
2020-10-27,1793.0,1793.0,1793.0,1831.0,5919281280,413820,36,1848.0,1793.0
2020-10-28,1776.0,1776.0,1776.0,1830.0,81406650,5745,11,1831.0,1776.0
2020-10-31,1776.0,1792.0,1776.0,1824.0,2157760170,152222,98,1830.0,1776.0
2020-11-01,1770.0,1770.0,1770.0,1824.0,38496572,2726,5,1824.0,1770.0
2020-11-02,1770.0,1770.0,1770.0,1822.0,740335788,52428,6,1824.0,1770.0
2020-11-04,1768.0,1768.0,1768.0,1822.0,175919192,12473,5,1822.0,1768.0
2020-11-07,1731.0,1731.0,1731.0,1821.0,134771790,9759,8,1822.0,1731.0
2020-11-08,1767.0,1767.0,1767.0,1821.0,5638400,400,1,1821.0,1767.0
2020-11-09,1767.0,1767.0,1767.0,1821.0,164218400,11650,3,1821.0,1767.0
2020-11-10,1766.0,1766.0,1766.0,1820.0,32411600,2300,4,1821.0,1766.0
2020-11-11,1729.0,1729.0,1729.0,1817.0,619054200,44859,16,1820.0,1729.0
2020-11-14,1763.0,1860.0,1763.0,1787.0,14286181362,1008403,291,1817.0,1763.0
2020-11-15,1734.0,1780.0,1733.0,1781.0,2088517656,150974,54,1787.0,1733.0
2020-11-16,1728.0,1728.0,1728.0,1781.0,44511765,3229,3,1781.0,1728.0
2020-11-17,1727.0,1727.0,1727.0,1779.0,494597488,35882,24,1781.0,1727.0
2020-11-18,1691.0,1792.0,1691.0,1701.0,33723932069,2484055,642,1779.0,1691.0
2020-11-21,1727.0,1727.0,1650.0,1690.0,4533738361,343707,119,1701.0,1650.0
2020-11-22,1639.0,1639.0,1639.0,1668.0,8344262126,637843,77,1690.0,1639.0
2020-11-23,1618.0,1692.0,1618.0,1622.0,17857116835,1381900,302,1668.0,1629.0
2020-11-24,1592.0,1671.0,1587.0,1665.0,45733473277,3443236,309,1622.0,1671.0
2020-11-25,1692.0,1714.0,1615.0,1678.0,41247876099,3080289,353,1665.0,1714.0
2020-11-28,1727.0,1728.0,1633.0,1690.0,7036590183,514681,182,1678.0,1728.0
2020-11-29,1739.0,1741.0,1739.0,1707.0,6894493837,496317,126,1690.0,1741.0
2020-11-30,1758.0,1758.0,1758.0,1727.0,8261902220,588874,86,1707.0,1758.0
2020-12-01,1805.0,1814.0,1674.0,1794.0,66166723345,4622462,440,1727.0,1814.0
2020-12-02,1842.0,1846.0,1754.0,1777.0,51330881950,3619455,323,1794.0,1805.0
2020-12-05,1782.0,1831.0,1780.0,1826.0,39961943107,2742514,188,1777.0,1831.0
2020-12-06,1848.0,1881.0,1780.0,1852.0,51644325187,3494453,276,1826.0,1871.0
2020-12-07,1905.0,1908.0,1823.0,1861.0,8826848816,590591,251,1852.0,1842.0
2020-12-08,1805.0,1855.0,1805.0,1836.0,12040279449,829419,226,1861.0,1817.0
2020-12-09,1795.0,1891.0,1795.0,1890.0,26469799236,1755278,244,1836.0,1891.0
2020-12-12,1946.0,1946.0,1946.0,1913.0,8464862340,544995,89,1890.0,1946.0
2020-12-13,1970.0,1970.0,1970.0,1970.0,46507910742,2957954,275,1913.0,1970.0
2020-12-14,2069.0,2069.0,1900.0,2015.0,24570244319,1528446,502,1970.0,1980.0
2020-12-15,2026.0,2026.0,1954.0,1987.0,9571805297,613644,190,2015.0,1954.0
2020-12-16,1927.0,1986.0,1927.0,1945.0,15386054656,998403,270,1987.0,1936.0
2020-12-19,1930.0,2003.0,1930.0,1990.0,16707451680,1046535,110,1945.0,2003.0
2020-12-20,2050.0,2050.0,2050.0,2050.0,28442614805,1738865,125,1990.0,2050.0
2020-12-21,2111.0,2111.0,2111.0,2079.0,10144336815,602145,96,2050.0,2111.0
2020-12-22,2182.0,2182.0,2141.0,2182.0,43699133064,2509573,249,2079.0,2182.0
2020-12-23,2248.0,2248.0,2132.0,2244.0,39267688175,2192696,434,2182.0,2248.0
2020-12-26,2312.0,2312.0,2312.0,2258.0,4261071675,231015,91,2244.0,2312.0
2020-12-27,2326.0,2326.0,2326.0,2326.0,33976425275,1830725,149,2258.0,2326.0
2020-12-28,2442.0,2442.0,2332.0,2436.0,66295362890,3410112,558,2326.0,2442.0
2020-12-29,2500.0,2509.0,2395.0,2505.0,58131557217,2907718,431,2436.0,2509.0
2020-12-30,2569.0,2580.0,2430.0,2532.0,56913179876,2816480,755,2505.0,2580.0
2021-01-02,2608.0,2608.0,2532.0,2605.0,36294429111,1745885,293,2532.0,2608.0
2021-01-03,2694.0,2736.0,2619.0,2714.0,36381973775,1679878,286,2605.0,2736.0
2021-01-04,2796.0,2796.0,2796.0,2796.0,26547025332,1190076,324,2714.0,2796.0
2021-01-05,2879.0,2879.0,2796.0,2878.0,31652228970,1378540,434,2796.0,2879.0
2021-01-06,2962.0,2962.0,2791.0,2873.0,60461463342,2637210,1058,2878.0,2791.0
2021-01-09,2787.0,2959.0,2787.0,2943.0,74713437189,3181119,707,2873.0,2959.0
2021-01-10,3032.0,3032.0,3008.0,3032.0,55066144399,2276356,380,2943.0,3032.0
2021-01-11,3122.0,3122.0,3032.0,3115.0,20792064906,835412,306,3032.0,3122.0
2021-01-12,3271.0,3271.0,3271.0,3264.0,21696612856,831256,260,3115.0,3271.0
2021-01-13,3361.0,3361.0,3209.0,3343.0,114157580253,4279190,1141,3264.0,3361.0
2021-01-16,3359.0,3359.0,3243.0,3299.0,14887624910,567919,181,3343.0,3243.0
2021-01-18,3200.0,3200.0,3200.0,3299.0,109660172,4294,7,3299.0,3200.0
2021-01-19,3200.0,3200.0,3200.0,3254.0,8573496273,335781,54,3299.0,3200.0
2021-01-20,3092.0,3157.0,3092.0,3098.0,217133919773,8784446,1498,3254.0,3092.0
2021-01-23,3092.0,3191.0,3008.0,3133.0,123001076321,4919878,1444,3098.0,3166.0
2021-01-24,3167.0,3167.0,3039.0,3052.0,39451276778,1619712,359,3133.0,3039.0
2021-01-25,2961.0,3142.0,2961.0,3018.0,90427815682,3755145,876,3052.0,3142.0
2021-01-26,3108.0,3108.0,3108.0,3108.0,24099438102,971634,279,3018.0,3108.0
2021-01-27,3202.0,3202.0,3200.0,3171.0,13916187263,544729,130,3108.0,3202.0
2021-01-30,3266.0,3266.0,3266.0,3263.0,19897979791,763457,91,3171.0,3266.0
2021-01-31,3361.0,3361.0,3361.0,3355.0,19957606966,744187,110,3263.0,3361.0
2021-02-01,3523.0,3523.0,3523.0,3523.0,22217834790,790389,118,3355.0,3523.0
2021-02-02,3628.0,3628.0,3628.0,3627.0,22646631258,782186,106,3523.0,3628.0
2021-02-03,3736.0,3736.0,3736.0,3722.0,20441760468,685689,91,3627.0,3736.0
2021-02-06,3833.0,3833.0,3610.0,3748.0,251489741761,8409447,1533,3722.0,3610.0
2021-02-07,3561.0,3758.0,3561.0,3617.0,251513074777,8714657,1555,3748.0,3747.0
2021-02-08,3725.0,3725.0,3652.0,3719.0,29978683402,1010185,366,3617.0,3725.0
2021-02-09,3831.0,3831.0,3831.0,3816.0,17809524428,582658,82,3719.0,3831.0
2021-02-13,3930.0,3930.0,3930.0,3928.0,20231603799,645161,94,3816.0,3930.0
2021-02-14,4085.0,4124.0,3771.0,4043.0,118707134841,3679773,1075,3928.0,4124.0
2021-02-15,4135.0,4164.0,4043.0,4147.0,39189794619,1184314,442,4043.0,4164.0
2021-02-16,4271.0,4271.0,4260.0,4270.0,50903244775,1493881,658,4147.0,4271.0
2021-03-03,4185.0,4185.0,4185.0,4248.0,5190173811,155427,47,4270.0,4185.0
2021-03-06,4163.0,4163.0,4163.0,4248.0,35841143,1079,4,4248.0,4163.0
2021-03-07,4163.0,4163.0,4163.0,4247.0,66830592,2012,7,4248.0,4163.0
2021-03-08,4162.0,4162.0,4162.0,4245.0,633822762,19083,13,4247.0,4162.0
2021-03-09,4075.0,4075.0,4075.0,4239.0,644024605,19807,11,4245.0,4075.0
2021-03-10,4154.0,4154.0,4154.0,4235.0,843152528,25436,15,4239.0,4154.0
2021-03-13,4151.0,4151.0,4151.0,4233.0,564696000,17050,14,4235.0,4151.0
2021-03-14,4148.0,4148.0,4148.0,4217.0,3564183276,107676,9,4233.0,4148.0
2021-03-15,4049.0,4049.0,4049.0,4216.0,218363013,6759,17,4217.0,4049.0
2021-03-16,4131.0,4131.0,4131.0,4215.0,75261378,2283,8,4216.0,4131.0
2021-03-17,4131.0,4131.0,4131.0,4200.0,3505087642,106334,14,4215.0,4131.0
2021-03-27,4116.0,4116.0,4116.0,4199.0,198279228,6037,12,4200.0,4116.0
2021-03-28,4031.0,4031.0,4031.0,4198.0,148482872,4616,6,4199.0,4031.0
2021-03-30,4114.0,4114.0,4114.0,4196.0,399089996,12157,8,4198.0,4114.0
2021-03-31,4112.0,4112.0,4112.0,4196.0,98442000,3000,2,4196.0,4112.0
2021-04-03,4112.0,4112.0,4112.0,4196.0,5249760,160,1,4196.0,4112.0
2021-04-06,4112.0,4112.0,4112.0,4196.0,29890821,911,1,4196.0,4112.0
2021-04-07,4112.0,4112.0,4112.0,4196.0,6562000,200,1,4196.0,4112.0
2021-04-11,4112.0,4112.0,4112.0,4196.0,1115540,34,1,4196.0,4112.0
2021-04-12,4112.0,4112.0,4112.0,4196.0,8202500,250,1,4196.0,4112.0
2021-04-13,4112.0,4112.0,4112.0,4195.0,182751700,5570,3,4196.0,4112.0
2021-04-14,4027.0,4027.0,4027.0,4195.0,32135000,1000,1,4195.0,4027.0
2021-04-19,4111.0,4111.0,4111.0,4142.0,12297010572,374886,17,4195.0,4111.0
2021-04-20,4059.0,4059.0,4059.0,4142.0,25102250,775,2,4142.0,4059.0
2021-04-21,4059.0,4059.0,4059.0,4142.0,10526425,325,1,4142.0,4059.0
2021-05-10,4059.0,4059.0,4059.0,4142.0,5408963,167,1,4142.0,4059.0
2021-05-11,4059.0,4059.0,4059.0,4142.0,5570908,172,1,4142.0,4059.0
2021-05-12,4059.0,4059.0,4059.0,4142.0,15060885,465,1,4142.0,4059.0
2021-05-15,3935.0,3935.0,3935.0,4141.0,17236953,549,2,4142.0,3935.0
2021-05-24,4017.0,4017.0,4017.0,4141.0,5289075,165,1,4141.0,4017.0
2021-05-25,4017.0,4017.0,4017.0,4141.0,5128640,160,1,4141.0,4017.0
2021-05-26,4017.0,4017.0,4017.0,4137.0,288477000,9000,1,4141.0,4017.0
2021-05-31,4013.0,4013.0,4013.0,4137.0,9607500,300,1,4137.0,4013.0
2021-06-01,4013.0,4013.0,4013.0,4137.0,12809600,400,1,4137.0,4013.0
2021-06-02,3930.0,3930.0,3930.0,4131.0,301084800,9600,3,4137.0,3930.0
2021-06-12,3924.0,3924.0,3924.0,3926.0,9427937231,301087,9,4131.0,3924.0
2021-06-13,3808.0,3808.0,3808.0,3926.0,15041565,495,1,3926.0,3808.0
2021-06-19,3808.0,3808.0,3808.0,3926.0,5074295,167,1,3926.0,3808.0
2021-06-20,3808.0,3808.0,3808.0,3925.0,6077000,200,1,3926.0,3808.0
2021-06-21,3808.0,3808.0,3808.0,3924.0,151920000,5000,1,3925.0,3808.0
2021-06-22,3727.0,3727.0,3727.0,3923.0,5680913,191,1,3924.0,3727.0
2021-07-04,2963.0,3052.0,2874.0,2948.0,56870303635,2518024,464,3923.0,2954.0
2021-07-05,2872.0,3001.0,2860.0,2889.0,86851243462,3924817,1061,2948.0,2860.0
2021-07-06,2802.0,2899.0,2802.0,2821.0,65469577692,3028843,907,2889.0,2899.0
2021-07-07,2906.0,2906.0,2898.0,2906.0,13088878159,587979,227,2821.0,2906.0
2021-07-10,2993.0,2993.0,2993.0,2972.0,7843531232,342094,80,2906.0,2993.0
2021-07-11,3061.0,3061.0,3061.0,3047.0,8858711576,377738,73,2972.0,3061.0
2021-07-12,3199.0,3199.0,3199.0,3198.0,10933739430,446093,59,3047.0,3199.0
2021-07-13,3294.0,3294.0,3133.0,3268.0,214898301009,8582939,1019,3198.0,3236.0
2021-07-14,3339.0,3339.0,3170.0,3215.0,139527663806,5664595,612,3268.0,3170.0
2021-07-17,3302.0,3312.0,3119.0,3245.0,68994138600,2775025,806,3215.0,3293.0
2021-07-18,3329.0,3329.0,3148.0,3198.0,24338705920,993459,397,3245.0,3184.0
2021-07-19,3103.0,3294.0,3102.0,3250.0,57293518700,2301199,494,3198.0,3294.0
2021-07-26,3343.0,3347.0,3250.0,3334.0,21384638832,837243,288,3250.0,3347.0
2021-07-27,3433.0,3434.0,3257.0,3408.0,20166212086,772293,356,3334.0,3394.0
2021-07-28,3477.0,3477.0,3306.0,3360.0,26576083846,1032315,406,3408.0,3432.0
2021-07-31,3394.0,3461.0,3342.0,3450.0,19977823972,755834,301,3360.0,3461.0
2021-08-01,3450.0,3541.0,3347.0,3479.0,37506859867,1407386,499,3450.0,3531.0
2021-08-02,3530.0,3583.0,3483.0,3562.0,32238377366,1181372,310,3479.0,3582.0
2021-08-03,3669.0,3669.0,3583.0,3656.0,30116271544,1075344,377,3562.0,3668.0
2021-08-04,3761.0,3765.0,3655.0,3761.0,52407818370,1819178,358,3656.0,3765.0
2021-08-07,3873.0,3873.0,3648.0,3756.0,43225100915,1502023,601,3761.0,3677.0
2021-08-08,3644.0,3644.0,3644.0,3740.0,1384388595,49593,57,3756.0,3644.0
2021-08-09,3628.0,3628.0,3628.0,3734.0,581798076,20931,21,3740.0,3628.0
2021-08-10,3622.0,3622.0,3622.0,3722.0,1012969950,36510,39,3734.0,3622.0
2021-08-11,3536.0,3799.0,3536.0,3615.0,84820036948,3062430,1434,3722.0,3707.0
2021-08-14,3724.0,3724.0,3507.0,3614.0,32620368899,1178102,545,3615.0,3616.0
2021-09-07,3723.0,3723.0,3723.0,3708.0,8946133245,805305,49,3614.0,3723.0
2021-09-08,3820.0,3820.0,3820.0,3797.0,8418207096,738504,51,3708.0,3820.0
2021-09-11,3911.0,3911.0,3911.0,3899.0,9300371490,796947,37,3797.0,3911.0
2021-09-12,4094.0,4094.0,4094.0,4094.0,10771010042,881569,26,3899.0,4094.0
2021-09-13,4216.0,4216.0,4216.0,4216.0,45361652085,3604995,91,4094.0,4216.0
2021-09-14,4343.0,4343.0,4343.0,4343.0,11437653600,882535,47,4216.0,4343.0
2021-09-15,4473.0,4473.0,4473.0,4453.0,10025349100,751075,61,4343.0,4473.0
2021-09-18,4676.0,4676.0,4676.0,4675.0,10458760218,749517,60,4453.0,4676.0
2021-09-19,4815.0,4815.0,4815.0,4815.0,10816782034,752786,54,4675.0,4815.0
2021-09-20,4959.0,4959.0,4959.0,4953.0,10623055200,717774,45,4815.0,4959.0
2021-09-21,5101.0,5101.0,4804.0,5035.0,96305710199,6409118,523,4953.0,4804.0
2021-09-22,4884.0,5177.0,4884.0,4959.0,104029954618,7029938,1113,5035.0,5026.0
2021-09-25,5107.0,5107.0,5026.0,5106.0,57087148758,3746762,518,4959.0,5107.0
2021-09-26,5258.0,5259.0,4952.0,5171.0,87069240066,5642337,1043,5106.0,5085.0
2021-09-28,5020.0,5261.0,5016.0,5106.0,29064506062,1907332,559,5171.0,5261.0
2021-09-29,5259.0,5259.0,5107.0,5253.0,19839603056,1265526,542,5106.0,5259.0
2021-10-02,5408.0,5411.0,5161.0,5405.0,22002426211,1364068,445,5253.0,5410.0
2021-10-03,5566.0,5567.0,5412.0,5561.0,45965940856,2770053,819,5405.0,5563.0
2021-10-04,5696.0,5727.0,5505.0,5699.0,29342252101,1725218,625,5561.0,5727.0
2021-10-06,5868.0,5870.0,5585.0,5789.0,23742971072,1374292,633,5699.0,5727.0
2021-10-09,5727.0,5727.0,5616.0,5766.0,1347510466,80312,71,5789.0,5616.0
2021-10-10,5593.0,5593.0,5593.0,5748.0,1031432064,61792,20,5766.0,5593.0
2021-10-11,5576.0,5727.0,5576.0,5619.0,41520953139,2476202,830,5748.0,5576.0
2021-10-12,5338.0,5525.0,5338.0,5453.0,5454154810,342349,120,5619.0,5338.0
2021-10-13,5289.0,5289.0,5289.0,5451.0,121023595,7667,9,5453.0,5289.0
2021-10-16,5287.0,5615.0,5287.0,5340.0,37230223357,2336230,561,5451.0,5287.0
2021-10-17,5180.0,5180.0,5180.0,5326.0,832119598,53831,17,5340.0,5180.0
2021-10-18,5060.0,5060.0,5060.0,5215.0,3855769900,255349,24,5326.0,5060.0
2021-10-19,5059.0,5059.0,5059.0,5204.0,684724496,45352,12,5215.0,5059.0
2021-10-20,5048.0,5048.0,5048.0,5200.0,246418205,16357,11,5204.0,5048.0
2021-10-23,5044.0,5044.0,5044.0,5199.0,89896516,5972,5,5200.0,5044.0
2021-10-25,4939.0,4939.0,4939.0,5197.0,68506872,4648,11,5199.0,4939.0
2021-10-26,5041.0,5041.0,5041.0,5193.0,237288282,15774,15,5197.0,5041.0
2021-10-27,5037.0,5037.0,5037.0,5177.0,1001047470,66590,13,5193.0,5037.0
2021-10-30,5022.0,5022.0,5022.0,5176.0,44778168,2988,2,5177.0,5022.0
2021-10-31,4918.0,4918.0,4918.0,5173.0,125559300,8556,19,5176.0,4918.0
2021-11-01,5018.0,5018.0,5018.0,5170.0,213753850,14275,10,5173.0,5018.0
2021-11-02,5015.0,5015.0,5015.0,5167.0,126439285,8449,7,5170.0,5015.0
2021-11-03,5013.0,5013.0,5013.0,5165.0,149634877,10003,14,5167.0,5013.0
2021-11-06,4907.0,5294.0,4907.0,5073.0,141216481592,9328841,2199,5165.0,4953.0
2021-11-07,4921.0,4921.0,4921.0,5018.0,3414567624,232536,72,5073.0,4921.0
2021-11-08,4868.0,4868.0,4868.0,5004.0,870412446,59921,24,5018.0,4868.0
2021-11-09,4854.0,4854.0,4854.0,4968.0,2252500570,155495,27,5004.0,4854.0
2021-11-10,4720.0,4921.0,4720.0,4748.0,134698595288,9507428,2193,4968.0,4765.0
2021-11-13,4605.0,4605.0,4605.0,4694.0,3651899904,265728,83,4748.0,4605.0
2021-11-14,4553.0,4624.0,4553.0,4556.0,36807274358,2707258,468,4694.0,4553.0
2021-11-15,4420.0,4610.0,4420.0,4443.0,19552860297,1474768,492,4556.0,4420.0
2021-11-16,4326.0,4356.0,4221.0,4248.0,18734384910,1477679,497,4443.0,4221.0
2021-11-17,4121.0,4239.0,4121.0,4157.0,25958970452,2092398,640,4248.0,4121.0
2021-11-20,4033.0,4121.0,4033.0,4104.0,4167450510,346175,118,4157.0,4033.0
2021-11-21,3981.0,3981.0,3981.0,4074.0,2322402832,195472,34,4104.0,3981.0
2021-11-22,3871.0,4222.0,3871.0,3951.0,50597435753,4291308,1333,4074.0,4122.0
2021-11-23,4069.0,4069.0,4069.0,4069.0,21214183584,1746886,395,3951.0,4069.0
2021-11-24,4191.0,4191.0,3947.0,4174.0,31349057066,2516907,579,4069.0,4191.0
2021-11-27,4299.0,4299.0,4189.0,4298.0,14660196773,1142931,188,4174.0,4299.0
2021-11-28,4513.0,4513.0,4416.0,4510.0,92699043430,6887076,860,4298.0,4513.0
2021-11-29,4645.0,4645.0,4609.0,4644.0,17348491742,1251821,189,4510.0,4645.0
2021-11-30,4783.0,4783.0,4783.0,4769.0,10334090520,723980,110,4644.0,4783.0
2021-12-01,4912.0,4912.0,4912.0,4912.0,11885663790,810810,117,4769.0,4912.0
2021-12-04,5157.0,5157.0,4931.0,5141.0,112126541385,7308835,1539,4912.0,5157.0
2021-12-05,5295.0,5295.0,4987.0,5128.0,104044397005,6799127,1256,5141.0,5181.0
2021-12-06,4976.0,5282.0,4974.0,5235.0,50806819770,3252470,971,5128.0,5282.0
2021-12-07,5362.0,5391.0,5358.0,5389.0,39434895369,2451900,449,5235.0,5391.0
2021-12-08,5549.0,5551.0,5261.0,5473.0,59833052509,3663617,1044,5389.0,5301.0
2021-12-11,5309.0,5309.0,5309.0,5309.0,20363435661,1285327,202,5473.0,5309.0
2021-12-12,5150.0,5150.0,5150.0,5179.0,7672550840,499255,90,5309.0,5150.0
2021-12-13,5150.0,5334.0,5150.0,5331.0,41090589944,2583008,389,5179.0,5334.0
2021-12-14,5491.0,5491.0,5491.0,5491.0,37063066620,2262012,272,5331.0,5491.0
2021-12-15,5491.0,5655.0,5326.0,5471.0,78850709909,4829397,1033,5491.0,5326.0
2021-12-18,5307.0,5307.0,5307.0,5319.0,8988666844,567538,68,5471.0,5307.0
2021-12-19,5160.0,5160.0,5160.0,5253.0,3924488260,254870,31,5319.0,5160.0
2021-12-20,4991.0,4991.0,4991.0,5118.0,4682642167,314419,72,5253.0,4991.0
2021-12-21,4965.0,4965.0,4965.0,4965.0,9639156256,650591,70,5118.0,4965.0
2021-12-22,4825.0,5114.0,4825.0,5034.0,68996576826,4592700,407,4965.0,5114.0
2021-12-25,5185.0,5185.0,4883.0,5131.0,31032293933,2026582,572,5034.0,5185.0
2021-12-26,5282.0,5285.0,5023.0,5277.0,17967396743,1140943,249,5131.0,5285.0
2021-12-27,5435.0,5435.0,5329.0,5435.0,46907685758,2892122,317,5277.0,5435.0
2021-12-28,5442.0,5598.0,5442.0,5593.0,38702343147,2318761,454,5435.0,5598.0
2021-12-29,5655.0,5761.0,5426.0,5713.0,56582192146,3319085,953,5593.0,5761.0
2022-01-01,5697.0,5884.0,5697.0,5881.0,27064765428,1542051,412,5713.0,5884.0
2022-01-02,6058.0,6058.0,5932.0,6057.0,31380848143,1736122,508,5881.0,6058.0
2022-01-03,6238.0,6238.0,6090.0,6229.0,41894436685,2253778,583,6057.0,6238.0
2022-01-04,6042.0,6416.0,6042.0,6300.0,97721545387,5198047,1167,6229.0,6416.0
2022-01-05,6611.0,6615.0,6338.0,6605.0,79783408144,4047527,738,6300.0,6615.0
2022-01-08,6769.0,6802.0,6410.0,6655.0,103919831930,5231874,1376,6605.0,6642.0
2022-01-09,6668.0,6668.0,6457.0,6474.0,12000982020,621223,210,6655.0,6457.0
2022-01-10,6283.0,6283.0,6283.0,6317.0,7900406250,421355,80,6474.0,6283.0
2022-01-11,6139.0,6504.0,6139.0,6384.0,75759819670,3976639,449,6317.0,6504.0
2022-01-12,6575.0,6575.0,6575.0,6575.0,12244763520,624096,65,6384.0,6575.0
2022-01-15,6769.0,6769.0,6769.0,6762.0,10021018000,496090,58,6575.0,6769.0
2022-01-16,7097.0,7097.0,6712.0,7037.0,158361159980,7539919,1291,6762.0,6853.0
2022-01-17,6826.0,6957.0,6826.0,6846.0,61093961880,2989994,737,7037.0,6826.0
2022-01-18,6869.0,7050.0,6869.0,7047.0,126250750230,6003430,618,6846.0,6987.0
2022-01-19,6836.0,7258.0,6836.0,7208.0,158789620950,7382521,1381,7047.0,7258.0
2022-01-22,7305.0,7422.0,7003.0,7221.0,116131474350,5391168,1258,7208.0,7238.0
2022-01-23,7070.0,7070.0,7020.0,7020.0,19905650650,949937,198,7221.0,7020.0
2022-01-24,6819.0,6819.0,6819.0,6853.0,8542685800,419788,115,7020.0,6819.0
2022-01-25,6819.0,7054.0,6819.0,7037.0,84177547900,4004140,607,6853.0,7054.0
2022-01-26,7221.0,7238.0,7154.0,7238.0,47477389750,2198939,551,7037.0,7238.0
2022-01-29,7322.0,7439.0,7322.0,7439.0,78725441800,3548599,665,7238.0,7439.0
2022-01-30,7473.0,7640.0,7255.0,7489.0,55361285900,2479230,819,7439.0,7607.0
2022-01-31,7640.0,7707.0,7523.0,7690.0,65941066950,2872310,662,7489.0,7657.0
2022-02-01,7908.0,7908.0,7707.0,7891.0,26718700800,1133412,330,7690.0,7908.0
2022-02-02,8076.0,8126.0,7657.0,7992.0,96055717650,4030954,1405,7891.0,7674.0
2022-02-08,8042.0,8227.0,8042.0,8210.0,23357483500,954185,158,7992.0,8227.0
2022-02-09,8411.0,8444.0,8277.0,8444.0,67434502800,2676800,635,8210.0,8444.0
2022-02-14,8696.0,8696.0,8662.0,8696.0,62366559200,2403501,468,8444.0,8696.0
2022-02-16,8813.0,8947.0,8444.0,8813.0,119355284850,4537797,1684,8696.0,8612.0
2022-02-19,8562.0,8562.0,8562.0,8562.0,16046166500,628030,190,8813.0,8562.0
2022-02-20,8813.0,8813.0,8813.0,8813.0,44762915600,1702012,261,8562.0,8813.0
2022-02-21,9064.0,9064.0,9064.0,9064.0,13008561400,480908,106,8813.0,9064.0
2022-02-22,9332.0,9332.0,9332.0,9332.0,26535647100,952806,113,9064.0,9332.0
2022-02-23,9785.0,9785.0,9416.0,9751.0,224988622900,7733480,1675,9332.0,9785.0
2022-02-26,10036.0,10036.0,10036.0,9952.0,10141219750,338605,88,9751.0,10036.0
2022-02-27,10237.0,10237.0,10237.0,10237.0,18570123000,607860,96,9952.0,10237.0
2022-02-28,10539.0,10539.0,10539.0,10539.0,69178898150,2199647,239,10237.0,10539.0
2022-03-02,10723.0,10723.0,10019.0,10103.0,105230358900,3490685,776,10539.0,10019.0
2022-03-05,9802.0,9802.0,9802.0,9802.0,15098382000,516184,241,10103.0,9802.0
2022-03-06,9517.0,9517.0,9517.0,9567.0,10964672000,386080,181,9802.0,9517.0
2022-03-07,9282.0,9852.0,9282.0,9600.0,255907928800,8935661,1752,9567.0,9852.0
2022-03-08,9885.0,9885.0,9885.0,9885.0,18228020500,617899,105,9600.0,9885.0
2022-03-09,10170.0,10170.0,9600.0,10120.0,126098991750,4175769,1551,9885.0,10153.0
2022-03-12,10321.0,10421.0,9818.0,10304.0,85777766000,2787295,1235,10120.0,10237.0
2022-03-13,10103.0,10606.0,10003.0,10488.0,129322566400,4131509,1134,10304.0,10606.0
2022-03-14,10740.0,10790.0,10505.0,10773.0,99436926100,3092459,888,10488.0,10790.0
2022-03-15,11025.0,11092.0,10455.0,10874.0,264154463500,8135853,2567,10773.0,10606.0
2022-03-16,10555.0,11192.0,10555.0,11008.0,113088472350,3443224,1403,10874.0,11175.0
2022-03-19,11326.0,11326.0,10958.0,11075.0,80600848550,2440317,1316,11008.0,11008.0
2022-03-26,11293.0,11293.0,10773.0,11058.0,57456903450,1742132,899,11075.0,11058.0
2022-03-27,11075.0,11192.0,10740.0,10907.0,48299655100,1483382,808,11058.0,10824.0
2022-03-29,10589.0,10907.0,10589.0,10589.0,18377621950,581562,274,10907.0,10589.0
2022-03-30,10287.0,10857.0,10287.0,10455.0,112512911150,3606048,1467,10589.0,10555.0
2022-04-03,10455.0,10572.0,10153.0,10254.0,73479476300,2403213,1310,10455.0,10153.0
2022-04-04,9952.0,9986.0,9952.0,9952.0,22545912050,759003,448,10254.0,9952.0
2022-04-05,9718.0,10237.0,9667.0,9902.0,262178220750,8865791,2331,9952.0,9768.0
2022-04-06,9986.0,10187.0,9986.0,10153.0,27680193600,913445,245,9902.0,10187.0
2022-04-09,10455.0,10455.0,10455.0,10388.0,11448902400,366952,99,10153.0,10455.0
2022-04-10,10690.0,10690.0,10690.0,10690.0,17358416900,544151,85,10388.0,10690.0
2022-04-11,11209.0,11209.0,10740.0,11192.0,200437713950,5998400,1585,10690.0,11209.0
2022-04-12,11293.0,11527.0,11058.0,11427.0,75915637150,2227071,944,11192.0,11527.0
2022-04-13,11561.0,11762.0,11561.0,11745.0,107203604950,3057740,971,11427.0,11762.0
2022-04-16,12063.0,12063.0,11393.0,11544.0,47033367250,1365697,602,11745.0,11393.0
2022-04-17,11209.0,11209.0,11209.0,11209.0,26009917200,777576,270,11544.0,11209.0
2022-04-18,10874.0,11544.0,10874.0,11226.0,296077093350,8843129,2099,11209.0,11092.0
2022-04-19,11075.0,11393.0,10891.0,10907.0,125697427050,3859369,1476,11226.0,10974.0
2022-04-20,11226.0,11226.0,11209.0,11226.0,81908906050,2445188,405,10907.0,11226.0
2022-04-24,11561.0,11561.0,11561.0,11561.0,39215184000,1136672,298,11226.0,11561.0
2022-05-11,11896.0,11896.0,11896.0,11896.0,30041129500,846229,122,11561.0,11896.0
2022-05-14,12248.0,12248.0,12248.0,12248.0,53478900050,1463171,223,11896.0,12248.0
2022-05-15,12600.0,12600.0,12600.0,12600.0,59212555200,1574802,215,12248.0,12600.0
2022-05-16,12533.0,12884.0,12231.0,12415.0,253798595350,6847811,2462,12600.0,12231.0
2022-05-17,12382.0,12382.0,12047.0,12063.0,93005195700,2584233,779,12415.0,12047.0
2022-05-18,11712.0,11712.0,11712.0,11712.0,19325637450,552951,176,12063.0,11712.0
2022-05-21,11376.0,11376.0,11376.0,11511.0,9568366150,281837,158,11712.0,11376.0
2022-05-22,11175.0,11175.0,11175.0,11175.0,64229532050,1925923,526,11511.0,11175.0
2022-05-23,10857.0,11376.0,10840.0,10874.0,509284594900,15701494,2499,11175.0,10840.0
2022-05-24,10623.0,11041.0,10555.0,10623.0,412704563350,13024337,3078,10874.0,10907.0
2022-05-25,10941.0,10941.0,10740.0,10941.0,237028041550,7260672,736,10623.0,10941.0
2022-05-28,11259.0,11259.0,11259.0,11259.0,66687297600,1984741,308,10941.0,11259.0
2022-05-29,11594.0,11594.0,10924.0,11360.0,421730902300,12433509,3025,11259.0,11561.0
2022-05-30,11527.0,11561.0,11025.0,11326.0,111781546650,3307961,1266,11360.0,11393.0
2022-05-31,11058.0,11376.0,10991.0,10991.0,74521118550,2270811,824,11326.0,10991.0
2022-06-01,10673.0,10673.0,10673.0,10807.0,8970074750,281635,109,10991.0,10673.0
2022-06-06,10488.0,10488.0,10488.0,10723.0,4340245800,138666,55,10807.0,10488.0
2022-06-07,10405.0,10405.0,10405.0,10623.0,4424314500,142490,74,10723.0,10405.0
2022-06-08,10304.0,10304.0,10304.0,10589.0,1881100500,61174,57,10623.0,10304.0
2022-06-11,10287.0,10287.0,10287.0,10539.0,2069487000,67410,63,10589.0,10287.0
2022-06-12,10237.0,10237.0,10237.0,10271.0,12815663900,419498,140,10539.0,10237.0
2022-06-13,9969.0,9969.0,9969.0,9969.0,58450479500,1964722,463,10271.0,9969.0
2022-06-14,9684.0,9684.0,9684.0,9735.0,11469600800,396872,126,9969.0,9684.0
2022-06-15,9450.0,9684.0,9450.0,9483.0,398662935100,14095141,2792,9735.0,9450.0
2022-06-18,9349.0,9383.0,9215.0,9265.0,24527749600,887174,296,9483.0,9215.0
2022-06-19,8997.0,8997.0,8997.0,9131.0,6390944400,238024,96,9265.0,8997.0
2022-07-02,8627.0,8870.0,8401.0,8749.0,147452874050,5862914,904,9131.0,8853.0
2022-07-03,8940.0,9010.0,8766.0,8992.0,154807029700,5987100,1418,8749.0,9010.0
2022-07-04,9044.0,9253.0,8992.0,9166.0,111909033450,4249200,1621,8992.0,9131.0
2022-07-05,9079.0,9201.0,8905.0,8940.0,145402191350,5656194,1520,9166.0,9062.0
2022-07-06,8957.0,9184.0,8940.0,9027.0,98159949750,3780577,871,8940.0,9114.0
2022-07-09,9131.0,9288.0,9062.0,9236.0,95254080700,3587801,1111,9027.0,9288.0
2022-07-11,9305.0,9497.0,8975.0,9149.0,70876009000,2694473,1089,9236.0,8975.0
2022-07-12,9184.0,9184.0,8888.0,9062.0,21047814950,807288,136,9149.0,8888.0
2022-07-13,8801.0,8801.0,8801.0,8905.0,7147123500,282495,87,9062.0,8801.0
2022-07-16,8644.0,8644.0,8644.0,8870.0,1282607900,51614,47,8905.0,8644.0
2022-07-17,8610.0,9062.0,8610.0,8697.0,159314432200,6376184,1312,8870.0,8975.0
2022-07-19,8957.0,8957.0,8957.0,8957.0,22501766250,873855,165,8697.0,8957.0
2022-07-20,9218.0,9218.0,9218.0,9218.0,12786250000,482500,106,8957.0,9218.0
2022-07-23,9479.0,9479.0,9479.0,9479.0,20441860000,750160,165,9218.0,9479.0
2022-07-24,9757.0,9757.0,9201.0,9462.0,210788736600,7754892,2048,9479.0,9531.0
2022-07-25,9566.0,9740.0,9462.0,9723.0,156213983100,5588769,1660,9462.0,9740.0
2022-07-26,9792.0,10001.0,9792.0,9984.0,57807877550,2013314,876,9723.0,10001.0
2022-07-27,10053.0,10053.0,9688.0,9844.0,25147478400,888474,338,9984.0,9688.0
2022-07-30,9566.0,9566.0,9566.0,9740.0,5295537500,192565,60,9844.0,9566.0
2022-07-31,9462.0,9462.0,9462.0,9462.0,83648976000,3075330,268,9740.0,9462.0
2022-08-01,9740.0,9740.0,9549.0,9740.0,44498750900,1589652,436,9462.0,9740.0
2022-08-03,9844.0,10018.0,9844.0,9984.0,77115562100,2685455,541,9740.0,9984.0
2022-08-06,10192.0,10262.0,9688.0,9966.0,41626250600,1451709,439,9984.0,9688.0
2022-08-09,9671.0,9671.0,9671.0,9879.0,4201108200,151119,56,9966.0,9671.0
2022-08-10,9584.0,9584.0,9584.0,9757.0,5468124000,198480,54,9879.0,9584.0
2022-08-13,9479.0,9479.0,9479.0,9514.0,11220896000,411776,140,9757.0,9479.0
2022-08-14,9236.0,9236.0,9236.0,9462.0,2140779600,80632,48,9514.0,9236.0
2022-08-15,9184.0,9184.0,9184.0,9427.0,1578324000,59785,38,9462.0,9184.0
2022-08-16,9149.0,9149.0,9149.0,9340.0,3569199300,135711,31,9427.0,9149.0
2022-08-17,9062.0,9062.0,9062.0,9218.0,5719199350,219547,63,9340.0,9062.0
2022-08-20,8957.0,8957.0,8957.0,9166.0,2388467000,92756,40,9218.0,8957.0
2022-08-21,8905.0,8905.0,8905.0,9114.0,2858905600,111676,30,9166.0,8905.0
2022-08-22,8853.0,8853.0,8853.0,9027.0,4291531700,168626,76,9114.0,8853.0
2022-08-23,8766.0,8766.0,8766.0,8870.0,7590693600,301218,118,9027.0,8766.0
2022-08-24,8610.0,9131.0,8610.0,8818.0,449222271200,17711865,3676,8870.0,9062.0
2022-08-27,9062.0,9079.0,8644.0,8870.0,214523198150,8414823,3272,8818.0,8731.0
2022-08-28,8714.0,8853.0,8610.0,8679.0,60374843100,2417943,1160,8870.0,8679.0
2022-08-29,8679.0,8888.0,8575.0,8731.0,63833945200,2542084,1056,8679.0,8714.0
2022-08-30,8644.0,8923.0,8627.0,8714.0,51989645250,2076863,736,8731.0,8783.0
2022-08-31,8644.0,8975.0,8644.0,8853.0,90648234400,3559793,1462,8714.0,8818.0
2022-09-03,8749.0,9044.0,8662.0,8836.0,70806013100,2790268,1022,8853.0,8992.0
2022-09-04,9027.0,9097.0,8888.0,9044.0,59364919050,2281099,734,8836.0,9097.0
2022-09-05,9270.0,9305.0,9131.0,9288.0,86098734450,3227410,1292,9044.0,9218.0
2022-09-06,9218.0,9410.0,9010.0,9149.0,85699972600,3257229,1173,9288.0,9218.0
2022-09-07,9184.0,9375.0,9184.0,9305.0,31846619650,1190242,526,9149.0,9340.0
2022-09-10,9079.0,9584.0,9079.0,9531.0,121836891350,4443069,1240,9305.0,9584.0
2022-09-11,9705.0,9705.0,9323.0,9549.0,69185482800,2521375,981,9531.0,9671.0
2022-09-12,9653.0,9827.0,9566.0,9775.0,91954744500,3273691,885,9549.0,9827.0
2022-09-13,9931.0,10053.0,9549.0,9966.0,263726222300,9211870,1318,9775.0,10053.0
2022-09-14,10088.0,10123.0,9757.0,9949.0,87187732800,3050472,1330,9966.0,9879.0
2022-09-18,9897.0,10244.0,9775.0,10158.0,92564845050,3170086,846,9949.0,10244.0
2022-09-19,10349.0,10384.0,9879.0,10175.0,104298293350,3565076,1307,10158.0,10262.0
2022-09-20,10331.0,10401.0,10071.0,10279.0,77643484100,2629271,691,10175.0,10210.0
2022-09-21,10540.0,10540.0,10088.0,10349.0,85369798750,2871285,925,10279.0,10279.0
2022-09-24,10610.0,10610.0,10053.0,10314.0,37219166900,1254312,179,10349.0,10053.0
2022-09-26,10018.0,10018.0,10018.0,10018.0,58666464000,2037030,337,10314.0,10018.0
2022-09-28,9723.0,9723.0,9723.0,9879.0,6488620450,232151,70,10018.0,9723.0
2022-10-01,9584.0,9584.0,9584.0,9844.0,1474365800,53516,43,9879.0,9584.0
2022-10-02,9566.0,9566.0,9566.0,9775.0,3493022500,127019,31,9844.0,9566.0
2022-10-03,9497.0,9497.0,9497.0,9723.0,2713565400,99398,45,9775.0,9497.0
2022-10-04,9444.0,9444.0,9444.0,9671.0,2454360000,90400,27,9723.0,9444.0
2022-10-08,9392.0,9392.0,9392.0,9636.0,1575585000,58355,41,9671.0,9392.0
2022-10-09,9357.0,9357.0,9357.0,9601.0,1303950600,48474,42,9636.0,9357.0
2022-10-10,9323.0,9323.0,9323.0,9566.0,1275090400,47578,55,9601.0,9323.0
2022-10-11,9288.0,9288.0,9288.0,9497.0,3018168000,113040,37,9566.0,9288.0
2022-10-12,9218.0,9218.0,9218.0,9479.0,822348000,31032,31,9497.0,9218.0
2022-10-15,9201.0,9201.0,9201.0,9427.0,2045801700,77346,46,9479.0,9201.0
2022-10-16,9149.0,9149.0,9149.0,9357.0,3495638200,132914,55,9427.0,9149.0
2022-10-17,9079.0,9079.0,9079.0,9340.0,493185600,18896,25,9357.0,9079.0
2022-10-18,9062.0,9062.0,9062.0,9323.0,764593550,29351,34,9340.0,9062.0
2022-10-19,9044.0,9044.0,9044.0,9288.0,1529138000,58813,22,9323.0,9044.0
2022-10-22,9010.0,9010.0,9010.0,9253.0,1409296700,54413,42,9288.0,9010.0
2022-10-23,8992.0,9305.0,8992.0,9044.0,172669285400,6646785,1781,9253.0,8992.0
2022-10-24,8853.0,9305.0,8853.0,9236.0,104617462250,3942490,1422,9044.0,9305.0
2022-10-25,9236.0,9357.0,8975.0,9027.0,42105124350,1622378,753,9236.0,8975.0
2022-10-26,8783.0,8940.0,8766.0,8853.0,9069159050,358723,158,9027.0,8766.0
2022-10-29,8592.0,8592.0,8592.0,8731.0,5680678900,229987,84,8853.0,8592.0
2022-10-30,8470.0,8470.0,8470.0,8697.0,1237369600,50816,26,8731.0,8470.0
2022-10-31,8436.0,8470.0,8436.0,8436.0,32164608050,1325752,411,8697.0,8436.0
2022-11-01,8192.0,8192.0,8192.0,8279.0,7074090300,300386,57,8436.0,8192.0
2022-11-02,8036.0,8036.0,8036.0,8053.0,10498973100,454501,59,8279.0,8036.0
2022-11-05,7827.0,7827.0,7827.0,7966.0,4471920000,198752,93,8053.0,7827.0
2022-11-06,7740.0,7740.0,7740.0,7896.0,3352452000,150672,52,7966.0,7740.0
2022-11-07,7670.0,8105.0,7670.0,7809.0,236685562900,10534377,2694,7896.0,7809.0
2022-11-08,7827.0,8036.0,7775.0,7949.0,121233754050,5305963,1715,7809.0,8036.0
2022-11-09,8123.0,8175.0,7966.0,8140.0,64870810850,2774528,1151,7949.0,8053.0
2022-11-12,8175.0,8383.0,7966.0,8244.0,77202448950,3255584,1083,8140.0,8314.0
2022-11-13,8314.0,8453.0,8192.0,8366.0,41353629250,1719458,714,8244.0,8349.0
2022-11-14,8505.0,8505.0,8123.0,8175.0,30491954050,1296763,439,8366.0,8123.0
2022-11-15,7931.0,7931.0,7931.0,8001.0,7429311600,325847,89,8175.0,7931.0
2022-11-16,7775.0,7775.0,7775.0,7896.0,4736054400,211904,97,8001.0,7775.0
2022-11-19,7670.0,7827.0,7670.0,7670.0,61278974450,2776530,870,7896.0,7670.0
2022-11-20,7444.0,7601.0,7444.0,7444.0,52787537550,2466038,765,7670.0,7444.0
2022-11-21,7235.0,7235.0,7235.0,7235.0,9733464000,467955,184,7444.0,7235.0
2022-11-22,7027.0,7027.0,7027.0,7027.0,16698895600,826678,280,7235.0,7027.0
2022-11-23,6957.0,7235.0,6957.0,7149.0,87199344650,4243413,709,7027.0,7235.0
2022-11-26,7166.0,7357.0,7166.0,7305.0,129857147100,6178064,1374,7149.0,7288.0
2022-11-27,7392.0,7514.0,7235.0,7444.0,82554766100,3855531,980,7305.0,7496.0
2022-11-28,7444.0,7653.0,7288.0,7514.0,56091267050,2598023,899,7444.0,7375.0
2022-11-29,7322.0,7444.0,7305.0,7322.0,23037435200,1095580,309,7514.0,7305.0
2022-11-30,7114.0,7531.0,7114.0,7340.0,96504277400,4578009,1353,7322.0,7531.0
2022-12-03,7549.0,7549.0,7392.0,7479.0,42524115800,1977438,747,7340.0,7531.0
2022-12-04,7583.0,7688.0,7514.0,7670.0,38813859800,1758319,587,7479.0,7688.0
2022-12-05,7705.0,7896.0,7705.0,7896.0,20511558250,904008,308,7670.0,7896.0
2022-12-06,8123.0,8123.0,8001.0,8105.0,95133834800,4079184,957,7896.0,8123.0
2022-12-07,8244.0,8244.0,7879.0,7983.0,87720023450,3826287,1319,8105.0,8036.0
2022-12-10,8001.0,8210.0,7914.0,8088.0,63171456500,2719529,688,7983.0,8105.0
2022-12-11,8018.0,8314.0,8018.0,8227.0,42236059500,1786375,583,8088.0,8296.0
2022-12-12,8314.0,8470.0,7983.0,8123.0,180235763350,7714562,1519,8227.0,7983.0
2022-12-13,8123.0,8331.0,7879.0,8105.0,151252234150,6497895,1566,8123.0,8227.0
2022-12-14,8105.0,8331.0,8105.0,8296.0,141829332900,5944167,828,8105.0,8331.0
2022-12-17,8540.0,8540.0,8366.0,8523.0,225385424000,9197386,1045,8296.0,8540.0
2022-12-18,8644.0,8679.0,8279.0,8418.0,86438764150,3569786,1153,8523.0,8505.0
2022-12-19,8505.0,8644.0,8279.0,8453.0,80975198800,3329570,827,8418.0,8627.0
2022-12-20,8540.0,8697.0,8279.0,8644.0,107054074650,4307838,878,8453.0,8697.0
2022-12-21,8888.0,8888.0,8731.0,8888.0,76220908950,2985301,694,8644.0,8888.0
2022-12-24,9079.0,9131.0,8836.0,8992.0,112352243300,4344139,1168,8888.0,9131.0
2022-12-25,9184.0,9201.0,8731.0,8870.0,98175646450,3852024,974,8992.0,8731.0
2022-12-26,8610.0,9114.0,8610.0,8836.0,199089023450,7832003,1364,8870.0,9044.0
2022-12-28,9097.0,9097.0,9079.0,9097.0,64811908100,2478471,418,8836.0,9097.0
2022-12-31,9323.0,9357.0,9097.0,9323.0,141157317850,5269005,1247,9097.0,9357.0
2023-01-01,9584.0,9601.0,9566.0,9601.0,44441557550,1610489,441,9323.0,9601.0
2023-01-02,9879.0,9879.0,9879.0,9879.0,22410695600,789109,257,9601.0,9879.0
2023-01-03,10175.0,10175.0,9584.0,10071.0,319029093000,11012340,2431,9879.0,10158.0
2023-01-04,10244.0,10366.0,10053.0,10331.0,284909580800,9595769,2183,10071.0,10366.0
2023-01-07,10540.0,10627.0,10401.0,10575.0,85673983700,2816320,590,10331.0,10627.0
2023-01-08,10888.0,10888.0,10575.0,10836.0,266408547650,8551502,2032,10575.0,10888.0
2023-01-09,11062.0,11149.0,10923.0,11132.0,91224563200,2849706,542,10836.0,11149.0
2023-01-10,11462.0,11462.0,11462.0,11462.0,53866923600,1634808,292,11132.0,11462.0
2023-01-11,11740.0,11792.0,11132.0,11514.0,369280268550,11162062,3273,11462.0,11619.0
2023-01-14,11688.0,11845.0,11184.0,11758.0,171151247200,5064018,1376,11514.0,11845.0
2023-01-16,12019.0,12106.0,12019.0,12106.0,143791462150,4134102,877,11758.0,12106.0
2023-01-17,12436.0,12436.0,11758.0,11949.0,261809193500,7619606,2156,12106.0,11758.0
2023-01-18,11601.0,12279.0,11601.0,11932.0,297218201850,8666504,2355,11949.0,12088.0
2023-01-21,12175.0,12279.0,12175.0,12262.0,128604319250,3647338,1020,11932.0,12279.0
2023-01-22,12627.0,12627.0,12627.0,12627.0,51033081000,1405870,350,12262.0,12627.0
2023-01-23,12993.0,12993.0,12993.0,12993.0,141088280400,3777464,593,12627.0,12993.0
2023-01-24,13253.0,13375.0,12610.0,13097.0,327787556250,8706349,3292,12993.0,13288.0
2023-01-25,13427.0,13480.0,13062.0,13445.0,377709786200,9766401,2585,13097.0,13480.0
2023-01-28,13758.0,13845.0,13427.0,13793.0,347436491350,8757266,1716,13445.0,13845.0
2023-01-29,13845.0,13845.0,13393.0,13445.0,40358307200,1043611,247,13793.0,13393.0
2023-01-30,13045.0,13045.0,13045.0,13045.0,18846000000,502560,98,13445.0,13045.0
2023-01-31,12732.0,13427.0,12662.0,13080.0,395313836250,10518949,2127,13045.0,13080.0
2023-02-01,13288.0,13462.0,13219.0,13427.0,205422377600,5321754,927,13080.0,13462.0
2023-02-05,13567.0,13827.0,13236.0,13793.0,301904068150,7615682,1450,13427.0,13793.0
2023-02-06,13984.0,14175.0,13393.0,13932.0,314119497450,7839396,1423,13793.0,13914.0
2023-02-07,13740.0,13740.0,13514.0,13532.0,55001753550,1414143,246,13932.0,13514.0
2023-02-08,13132.0,13132.0,13132.0,13132.0,19358162250,512799,105,13532.0,13132.0
2023-02-12,12749.0,12749.0,12749.0,12749.0,20996052000,572880,98,13132.0,12749.0
2023-02-13,12384.0,12384.0,12384.0,12384.0,38156151200,1071802,119,12749.0,12384.0
2023-02-14,12019.0,12019.0,12019.0,12019.0,4957095800,143476,31,12384.0,12019.0
2023-02-15,11671.0,11671.0,11671.0,11671.0,13529339450,403259,50,12019.0,11671.0
2023-02-19,11323.0,11323.0,11323.0,11323.0,7640136000,234720,43,11671.0,11323.0
2023-02-20,10992.0,11653.0,10992.0,11253.0,434091354650,13409176,1789,11323.0,11653.0
2023-02-21,11584.0,11584.0,11427.0,11584.0,370572548000,11129451,872,11253.0,11584.0
2023-02-22,11914.0,11914.0,11914.0,11914.0,34326446000,1002232,134,11584.0,11914.0
2023-02-25,12262.0,12262.0,12262.0,12262.0,20136527250,571249,113,11914.0,12262.0
2023-02-26,12627.0,12627.0,12627.0,12627.0,90852148200,2502814,241,12262.0,12627.0
2023-02-27,12993.0,12993.0,12993.0,12993.0,106160838750,2842325,302,12627.0,12993.0
2023-02-28,13375.0,13375.0,12610.0,13132.0,360360530800,9552182,1285,12993.0,12610.0
2023-03-06,13462.0,13514.0,13427.0,13497.0,260429485700,6710653,934,13132.0,13514.0
2023-03-07,13740.0,13740.0,13097.0,13375.0,407251225800,10586244,1760,13497.0,13410.0
2023-03-11,13427.0,13427.0,12975.0,13027.0,22496045100,600925,162,13375.0,12975.0
2023-03-12,12645.0,12645.0,12645.0,12645.0,6701304250,184355,39,13027.0,12645.0
2023-03-13,12279.0,12801.0,12279.0,12332.0,240421286600,6777695,1137,12645.0,12279.0
2023-03-14,11966.0,12506.0,11966.0,12001.0,228964750900,6640118,1092,12332.0,12001.0
2023-03-15,12001.0,12349.0,11653.0,11758.0,199097991700,5890803,1171,12001.0,11653.0
2023-03-18,11445.0,11653.0,11410.0,11410.0,110000202800,3351722,586,11758.0,11410.0
2023-03-19,11079.0,11079.0,11079.0,11079.0,29982124900,941354,159,11410.0,11079.0
2023-03-25,10749.0,10749.0,10749.0,10749.0,34941874500,1130805,177,11079.0,10749.0
2023-03-26,10436.0,11010.0,10436.0,10453.0,126630394500,4217119,532,10749.0,10436.0
2023-03-27,10140.0,10140.0,10140.0,10140.0,66312343900,2274866,409,10453.0,10140.0
2023-03-28,10140.0,10436.0,10140.0,10349.0,162533657900,5467744,754,10140.0,10436.0
2023-03-29,10645.0,10645.0,10088.0,10384.0,420084443150,14072299,2560,10349.0,10418.0
2023-04-03,10227.0,10610.0,10088.0,10279.0,309018066800,10449416,2019,10384.0,10105.0
2023-04-04,10314.0,10331.0,9984.0,10071.0,282394733700,9757378,2279,10279.0,10071.0
2023-04-05,9844.0,10366.0,9844.0,10297.0,134866618250,4555757,1141,10071.0,10366.0
2023-04-08,10592.0,10592.0,10297.0,10575.0,259185783350,8530823,1964,10297.0,10540.0
2023-04-09,10558.0,10558.0,10262.0,10297.0,284120921450,9590779,2278,10575.0,10314.0
2023-04-10,10471.0,10575.0,10001.0,10279.0,182489996500,6172131,1681,10297.0,10297.0
2023-04-11,10314.0,10575.0,10123.0,10540.0,109026125200,3599440,667,10279.0,10575.0
2023-04-15,10853.0,10853.0,10697.0,10836.0,265467322150,8518932,1478,10540.0,10853.0
2023-04-16,11062.0,11062.0,10523.0,10679.0,272191638450,8864359,2186,10836.0,10523.0
2023-04-17,10401.0,10784.0,10366.0,10471.0,293997669700,9764376,2435,10679.0,10453.0
2023-04-18,10627.0,10714.0,10453.0,10575.0,241772672100,7957073,2352,10471.0,10645.0
2023-04-19,10871.0,10888.0,10679.0,10871.0,237909493350,7609481,1586,10575.0,10888.0
2023-04-24,11184.0,11184.0,11062.0,11166.0,96983056350,3021713,659,10871.0,11184.0
2023-04-25,11497.0,11497.0,11497.0,11497.0,52322347350,1583127,318,11166.0,11497.0
2023-04-26,11827.0,11827.0,11827.0,11827.0,58960352000,1734128,281,11497.0,11827.0
2023-04-29,12175.0,12175.0,11479.0,11758.0,479359568850,14181174,3718,11827.0,11566.0
2023-04-30,11479.0,11723.0,11410.0,11445.0,295096519650,8968687,2243,11758.0,11410.0
2023-05-01,11462.0,11688.0,11114.0,11218.0,440313526500,13644577,3562,11445.0,11549.0
2023-05-02,11549.0,11549.0,11462.0,11549.0,223535109000,6734508,1474,11218.0,11549.0
2023-05-03,11740.0,11758.0,11218.0,11305.0,338057980350,10394267,2617,11549.0,11218.0
2023-05-06,11218.0,11218.0,10975.0,11010.0,506198290700,15997538,3672,11305.0,10975.0
2023-05-07,10801.0,11323.0,10697.0,10958.0,452240215250,14367830,3150,11010.0,10714.0
2023-05-08,10645.0,10645.0,10645.0,10645.0,19656216000,642360,168,10958.0,10645.0
2023-05-09,10331.0,10575.0,10331.0,10349.0,127128532550,4275921,936,10645.0,10331.0
2023-05-10,10053.0,10297.0,10053.0,10071.0,128016654950,4418590,862,10349.0,10053.0
2023-05-13,9775.0,9775.0,9775.0,9775.0,33922348100,1207201,182,10071.0,9775.0
2023-05-14,9497.0,9723.0,9497.0,9514.0,491370784900,17957499,3471,9775.0,9549.0
2023-05-15,9705.0,9705.0,9236.0,9288.0,280975968800,10513608,2361,9514.0,9236.0
2023-05-17,9184.0,9566.0,9184.0,9514.0,75603211050,2762163,582,9288.0,9566.0
2023-05-20,9792.0,9792.0,9636.0,9775.0,248751005150,8848840,1925,9514.0,9792.0
2023-05-21,9914.0,10053.0,9810.0,10001.0,147509901900,5128412,1158,9775.0,10053.0
2023-05-22,10158.0,10158.0,9705.0,9757.0,246001965800,8777052,2185,10001.0,9723.0
2023-05-23,9740.0,9914.0,9497.0,9671.0,126368432500,4546453,1250,9757.0,9636.0
2023-05-24,9566.0,9844.0,9497.0,9705.0,80819569750,2898681,843,9671.0,9705.0
2023-05-27,9705.0,9897.0,9427.0,9688.0,112259807700,4034121,1098,9705.0,9497.0
2023-05-28,9410.0,9566.0,9410.0,9427.0,32793141700,1210968,332,9688.0,9410.0
2023-05-29,9149.0,9427.0,9149.0,9184.0,160012768350,6058044,1551,9427.0,9305.0
2023-05-30,9305.0,9444.0,9114.0,9305.0,125406383100,4689609,1103,9184.0,9236.0
2023-05-31,9340.0,9375.0,9027.0,9062.0,94477815300,3628044,1009,9305.0,9079.0
2023-06-03,8923.0,9253.0,8923.0,9079.0,64928589050,2485551,766,9062.0,9097.0
2023-06-06,8975.0,9253.0,8975.0,9166.0,64843313100,2458692,673,9079.0,9149.0
2023-06-07,9357.0,9427.0,9184.0,9375.0,72049536850,2672714,634,9166.0,9427.0
2023-06-10,9444.0,9462.0,9097.0,9131.0,103893696000,3961560,860,9375.0,9097.0
2023-06-11,9044.0,9201.0,8870.0,8923.0,92014265500,3587662,1079,9131.0,8870.0
2023-06-12,9010.0,9010.0,8662.0,8714.0,59470427600,2373942,512,8923.0,8662.0
2023-06-13,8627.0,8627.0,8453.0,8453.0,172203523250,7081349,1068,8714.0,8453.0
2023-06-14,8383.0,8697.0,8383.0,8662.0,108913965850,4375580,914,8453.0,8644.0
2023-06-17,8853.0,8853.0,8418.0,8470.0,108248092500,4442744,961,8662.0,8418.0
2023-06-18,8279.0,8418.0,8227.0,8244.0,84253869050,3558701,865,8470.0,8227.0
2023-06-19,8192.0,8488.0,8175.0,8401.0,86237622500,3574169,755,8244.0,8227.0
2023-07-04,8649.0,8649.0,8649.0,8649.0,10242462250,420635,61,8401.0,8649.0
2023-07-05,8898.0,8898.0,8898.0,8898.0,11343967650,452853,104,8649.0,8898.0
2023-07-08,9165.0,9165.0,9165.0,9165.0,13392934800,519106,104,8898.0,9165.0
2023-07-09,9431.0,9431.0,9431.0,9431.0,11846264850,446187,117,9165.0,9431.0
2023-07-10,9591.0,9591.0,9165.0,9271.0,239103431500,9156390,1535,9431.0,9165.0
2023-07-11,9040.0,9058.0,9005.0,9005.0,33009381400,1301786,230,9271.0,9005.0
2023-07-12,8845.0,8863.0,8738.0,8756.0,20652871250,838482,178,9005.0,8738.0
2023-07-15,8507.0,8845.0,8507.0,8525.0,78943905350,3291456,687,8756.0,8507.0
2023-07-16,8312.0,8454.0,8276.0,8294.0,20706286950,887366,205,8525.0,8276.0
2023-07-17,8046.0,8046.0,8046.0,8046.0,9947789400,439196,108,8294.0,8046.0
2023-07-18,7921.0,8276.0,7815.0,7957.0,83113700700,3706599,894,8046.0,8028.0
2023-07-19,8099.0,8188.0,7761.0,8081.0,67964877550,2986228,714,7957.0,7921.0
2023-07-22,7886.0,7886.0,7850.0,7850.0,11126811250,503356,89,8081.0,7850.0
2023-07-23,7637.0,7761.0,7619.0,7637.0,57671452300,2684401,562,7850.0,7619.0
2023-07-30,7850.0,7850.0,7673.0,7832.0,31579175550,1431147,339,7637.0,7850.0
2023-07-31,7957.0,7957.0,7673.0,7850.0,33092577700,1496415,443,7832.0,7904.0
2023-08-01,7815.0,8046.0,7690.0,7850.0,34222796350,1547421,444,7850.0,7886.0
2023-08-05,7815.0,8081.0,7744.0,7957.0,35907132100,1601572,485,7850.0,7921.0
2023-08-06,7957.0,7957.0,7726.0,7761.0,47685346000,2184271,493,7957.0,7832.0
2023-08-07,7868.0,7921.0,7690.0,7797.0,35863025750,1635358,365,7761.0,7726.0
2023-08-08,7655.0,7797.0,7566.0,7619.0,37253685000,1736785,389,7797.0,7584.0
2023-08-09,7460.0,7726.0,7460.0,7602.0,32453433600,1518101,369,7619.0,7548.0
2023-08-12,7495.0,7548.0,7388.0,7388.0,23899852350,1147822,111,7602.0,7388.0
2023-08-13,7175.0,7513.0,7175.0,7300.0,68363255200,3324118,584,7388.0,7460.0
2023-08-14,7406.0,7513.0,7388.0,7513.0,54136016700,2560876,392,7300.0,7513.0
2023-08-15,7548.0,7708.0,7388.0,7566.0,49728711300,2333683,581,7513.0,7673.0
2023-08-16,7566.0,7637.0,7353.0,7424.0,29699768250,1422531,366,7566.0,7424.0
2023-08-19,7371.0,7566.0,7353.0,7442.0,22092661250,1055259,318,7424.0,7371.0
2023-08-20,7317.0,7388.0,7229.0,7264.0,38203029600,1868752,435,7442.0,7246.0
2023-08-21,7211.0,7388.0,7051.0,7122.0,32141861950,1601338,332,7264.0,7069.0
2023-08-22,7140.0,7140.0,6909.0,6927.0,66807031600,3427158,555,7122.0,6944.0
2023-08-23,7051.0,7051.0,6731.0,6820.0,24785272750,1290108,399,6927.0,6962.0
2023-08-26,6998.0,7023.0,6998.0,7023.0,15461987960,782197,186,6820.0,7023.0
2023-08-27,7122.0,7232.0,7122.0,7225.0,15508744140,762588,175,7023.0,7232.0
2023-08-28,7424.0,7424.0,7015.0,7222.0,33637618350,1654283,501,7225.0,7143.0
2023-08-29,7069.0,7435.0,7069.0,7268.0,78205191720,3822528,682,7222.0,7435.0
2023-09-11,7477.0,7477.0,7477.0,7477.0,12378073600,588032,52,7268.0,7477.0
2023-09-12,7690.0,7690.0,7690.0,7690.0,10780314400,497936,77,7477.0,7690.0
2023-09-13,7904.0,7904.0,7548.0,7761.0,64959008650,2971153,585,7690.0,7584.0
2023-09-17,7761.0,7761.0,7531.0,7584.0,34867143700,1632549,467,7761.0,7566.0
2023-09-18,7513.0,7797.0,7477.0,7761.0,35584917100,1630213,431,7584.0,7797.0
2023-09-19,7655.0,7992.0,7655.0,7957.0,24028499750,1071661,278,7761.0,7992.0
2023-09-20,8134.0,8134.0,7744.0,7868.0,78904341100,3563136,533,7957.0,7921.0
2023-09-23,8099.0,8099.0,7815.0,8010.0,40251890100,1785081,471,7868.0,8099.0
2023-09-25,8205.0,8241.0,8063.0,8205.0,71288973300,3086087,634,8010.0,8170.0
2023-09-26,8028.0,8259.0,7975.0,8063.0,38608037450,1701947,392,8205.0,8028.0
2023-09-27,8010.0,8205.0,7850.0,8010.0,51174599950,2269677,419,8063.0,8099.0
2023-09-30,8046.0,8223.0,7779.0,7957.0,49732792050,2221313,472,8010.0,7832.0
2023-10-01,7886.0,7886.0,7726.0,7744.0,44124140150,2024294,270,7957.0,7726.0
2023-10-02,7761.0,7761.0,7513.0,7531.0,62749303550,2959892,537,7744.0,7513.0
2023-10-04,7708.0,7708.0,7335.0,7495.0,30654935950,1453655,308,7531.0,7531.0
2023-10-07,7388.0,7708.0,7371.0,7637.0,78084498850,3632740,823,7495.0,7690.0
2023-10-08,7637.0,7761.0,7424.0,7442.0,27585941150,1316659,234,7637.0,7424.0
2023-10-09,7229.0,7406.0,7229.0,7246.0,58560657550,2870022,452,7442.0,7229.0
2023-10-10,7087.0,7193.0,7033.0,7069.0,92426238500,4642967,880,7246.0,7104.0
2023-10-11,7140.0,7211.0,6962.0,7069.0,38194562800,1919318,473,7069.0,6998.0
2023-10-14,6966.0,7229.0,6859.0,6980.0,62555089490,3183446,688,7069.0,6941.0
2023-10-15,6881.0,7118.0,6873.0,6994.0,40858569670,2075303,474,6980.0,6973.0
2023-10-16,7069.0,7204.0,7001.0,7147.0,55843931180,2775851,489,6994.0,7204.0
2023-10-17,7346.0,7360.0,7282.0,7356.0,70830045750,3420873,567,7147.0,7360.0
2023-10-18,7136.0,7278.0,7136.0,7147.0,52339524180,2600735,430,7356.0,7136.0
2023-10-21,7193.0,7193.0,6944.0,7104.0,57487783100,2872079,536,7147.0,7122.0
2023-10-22,7264.0,7264.0,7015.0,7087.0,40467277650,2028563,424,7104.0,7069.0
2023-10-23,6962.0,7158.0,6891.0,6927.0,55771284600,2858851,565,7087.0,6891.0
2023-10-24,6856.0,7015.0,6731.0,6767.0,28960512550,1521378,363,6927.0,6731.0
2023-10-25,6607.0,6696.0,6571.0,6589.0,67518853950,3640730,733,6767.0,6571.0
2023-10-28,6429.0,6429.0,6394.0,6397.0,8604952950,477785,92,6589.0,6394.0
2023-10-29,6206.0,6394.0,6206.0,6216.0,95805030990,5474590,834,6397.0,6209.0
2023-10-30,6294.0,6294.0,6053.0,6230.0,24491842010,1396349,388,6216.0,6216.0
2023-10-31,6216.0,6305.0,6046.0,6131.0,35475781590,2054965,454,6230.0,6046.0
2023-11-01,6145.0,6145.0,5950.0,5968.0,41696094050,2482130,454,6131.0,6003.0
2023-11-04,6042.0,6145.0,6042.0,6131.0,20225833110,1171506,226,5968.0,6145.0
2023-11-05,6216.0,6216.0,6010.0,6074.0,25826771930,1510264,286,6131.0,6010.0
2023-11-06,6117.0,6117.0,5929.0,6028.0,23874326040,1406734,321,6074.0,6014.0
2023-11-07,5911.0,6206.0,5907.0,6060.0,48342974810,2833186,550,6028.0,6142.0
2023-11-08,6206.0,6241.0,6131.0,6234.0,149982379180,8544019,529,6060.0,6241.0
2023-11-11,6419.0,6419.0,6419.0,6419.0,2156726780,119354,56,6234.0,6419.0
2023-11-12,6611.0,6611.0,6611.0,6611.0,3181063130,170933,49,6419.0,6611.0
2023-11-13,6806.0,6806.0,6500.0,6767.0,177978961260,9343761,1346,6611.0,6685.0
2023-11-14,6749.0,6749.0,6564.0,6568.0,52739842040,2852108,388,6767.0,6564.0
2023-11-15,6465.0,6657.0,6373.0,6429.0,40200210920,2220469,483,6568.0,6373.0
2023-11-18,6273.0,6536.0,6273.0,6436.0,17698493890,976503,227,6429.0,6380.0
2023-11-19,6351.0,6532.0,6245.0,6312.0,48020729740,2702578,437,6436.0,6291.0
2023-11-20,6270.0,6270.0,6124.0,6135.0,42162716460,2440876,419,6312.0,6131.0
2023-11-21,6277.0,6316.0,6049.0,6259.0,19183821040,1088833,273,6135.0,6316.0
2023-11-22,6444.0,6444.0,6302.0,6408.0,45458849270,2519885,470,6259.0,6358.0
2023-11-25,6394.0,6458.0,6216.0,6245.0,41557020600,2364214,422,6408.0,6223.0
2023-11-26,6149.0,6341.0,6149.0,6255.0,7719526980,437475,172,6245.0,6216.0
2023-11-27,6216.0,6387.0,6113.0,6184.0,24298646960,1395716,293,6255.0,6117.0
2023-11-28,6088.0,6188.0,6042.0,6117.0,22862596460,1327901,247,6184.0,6145.0
2023-11-29,6046.0,6216.0,6046.0,6127.0,45078211740,2613393,421,6117.0,6170.0
2023-12-05,6309.0,6309.0,6309.0,6206.0,9050442720,509597,64,6127.0,6309.0
2023-12-06,6390.0,6390.0,6390.0,6390.0,21273984550,1182545,114,6206.0,6390.0
2023-12-09,6390.0,6579.0,6294.0,6504.0,92069864030,5027763,744,6390.0,6461.0
2023-12-10,6554.0,6692.0,6369.0,6554.0,73825590390,4000916,599,6504.0,6536.0
2023-12-11,6500.0,6692.0,6436.0,6571.0,40003526030,2162417,377,6554.0,6444.0
2023-12-12,6419.0,6607.0,6419.0,6525.0,41175379570,2241542,378,6571.0,6500.0
2023-12-13,6433.0,6554.0,6376.0,6422.0,21400270070,1183898,254,6525.0,6422.0
2023-12-16,6454.0,6454.0,6305.0,6344.0,33847112360,1895326,366,6422.0,6319.0
2023-12-18,6394.0,6465.0,6330.0,6405.0,39361487680,2183674,418,6344.0,6358.0
2023-12-19,6465.0,6465.0,6287.0,6330.0,39869654190,2237559,341,6405.0,6433.0
2023-12-20,6444.0,6518.0,6337.0,6504.0,47072344830,2570657,305,6330.0,6518.0
2023-12-23,6660.0,6696.0,6547.0,6674.0,73219808800,3896809,604,6504.0,6667.0
2023-12-24,6703.0,6852.0,6557.0,6749.0,70886766380,3731073,582,6674.0,6827.0
2023-12-25,6852.0,6873.0,6632.0,6742.0,36776072850,1937560,399,6749.0,6632.0
2023-12-26,6568.0,6678.0,6543.0,6557.0,47395846960,2567867,424,6742.0,6543.0
2023-12-27,6365.0,6532.0,6362.0,6380.0,49982160470,2782691,447,6557.0,6369.0
2023-12-30,6373.0,6500.0,6309.0,6447.0,22677387340,1249727,260,6380.0,6436.0
2023-12-31,6465.0,6465.0,6259.0,6316.0,22738306170,1279015,285,6447.0,6337.0
2024-01-01,6408.0,6408.0,6213.0,6248.0,25042395370,1423803,345,6316.0,6273.0
2024-01-02,6248.0,6337.0,6245.0,6270.0,13318692440,753211,213,6248.0,6277.0
2024-01-03,6241.0,6355.0,6085.0,6188.0,37094682420,2128933,331,6270.0,6252.0
2024-01-06,6074.0,6216.0,6035.0,6103.0,31896150070,1857086,333,6188.0,6106.0
2024-01-07,6117.0,6181.0,6039.0,6103.0,21414622840,1246193,243,6103.0,6088.0
2024-01-08,6042.0,6127.0,6003.0,6067.0,16135848880,945830,226,6103.0,6067.0
2024-01-09,6010.0,6248.0,5985.0,6220.0,65215017510,3725037,568,6067.0,6248.0
2024-01-10,6397.0,6397.0,6142.0,6230.0,28400754820,1619134,324,6220.0,6248.0
2024-01-13,6127.0,6291.0,6127.0,6223.0,24998845300,1426742,307,6230.0,6174.0
2024-01-14,6174.0,6277.0,6170.0,6202.0,38110970750,2183030,335,6223.0,6195.0
2024-01-15,6202.0,6202.0,6095.0,6124.0,24342343630,1412219,287,6202.0,6103.0
2024-01-16,6049.0,6124.0,6039.0,6071.0,30994715240,1813520,251,6124.0,6056.0
2024-01-17,6056.0,6138.0,6039.0,6071.0,31448713260,1840240,268,6071.0,6071.0
2024-01-20,6198.0,6198.0,5889.0,5932.0,55062710790,3296888,506,6071.0,5889.0
2024-01-21,5889.0,5889.0,5754.0,5758.0,68569624340,4228913,592,5932.0,5822.0
2024-01-22,5723.0,5904.0,5588.0,5630.0,62481824750,3941308,482,5758.0,5588.0
2024-01-23,5492.0,5630.0,5463.0,5477.0,27891045950,1809191,309,5630.0,5463.0
2024-01-24,5509.0,5545.0,5314.0,5350.0,32870880130,2182689,370,5477.0,5321.0
2024-01-27,5307.0,5509.0,5239.0,5456.0,23041470310,1500553,320,5350.0,5449.0
2024-01-28,5332.0,5541.0,5332.0,5488.0,24149333760,1563517,272,5456.0,5474.0
2024-01-29,5559.0,5559.0,5364.0,5442.0,11164653260,733617,168,5488.0,5417.0
2024-01-30,5477.0,5481.0,5282.0,5360.0,16350500000,1087121,232,5442.0,5357.0
2024-01-31,5403.0,5403.0,5282.0,5339.0,8907890130,595682,148,5360.0,5307.0
2024-02-03,5293.0,5499.0,5293.0,5438.0,30891768920,2017466,231,5339.0,5499.0
2024-02-04,5598.0,5598.0,5598.0,5580.0,18766109680,1190743,122,5438.0,5598.0
2024-02-05,5747.0,5747.0,5598.0,5691.0,46374699310,2894800,454,5580.0,5666.0
2024-02-06,5701.0,5723.0,5527.0,5616.0,21171796380,1339046,247,5691.0,5644.0
2024-02-07,5506.0,5637.0,5474.0,5559.0,16967364910,1086525,189,5616.0,5538.0
2024-02-10,5438.0,5609.0,5396.0,5406.0,33354758990,2191544,321,5559.0,5396.0
2024-02-12,5332.0,5385.0,5247.0,5264.0,24077223580,1624567,292,5406.0,5247.0
2024-02-13,5183.0,5364.0,5183.0,5300.0,16672936370,1116487,193,5264.0,5325.0
2024-02-14,5300.0,5357.0,5300.0,5321.0,14854275250,990287,173,5300.0,5314.0
2024-02-17,5293.0,5477.0,5293.0,5456.0,34082509940,2219160,456,5321.0,5396.0
2024-02-18,5495.0,5495.0,5328.0,5421.0,16456491510,1080109,198,5456.0,5421.0
2024-02-19,5300.0,5580.0,5300.0,5545.0,32060373520,2053639,236,5421.0,5438.0
2024-02-20,5399.0,5488.0,5399.0,5488.0,9872954650,645907,142,5545.0,5406.0
2024-02-21,5364.0,5502.0,5364.0,5460.0,7626090770,500503,98,5488.0,5382.0
2024-02-24,5342.0,5413.0,5296.0,5321.0,25050092850,1671980,218,5460.0,5307.0
2024-02-26,5257.0,5321.0,5165.0,5207.0,16452577710,1126402,179,5321.0,5165.0
2024-02-27,5083.0,5207.0,5080.0,5154.0,10844251020,753097,155,5207.0,5133.0
2024-02-28,5161.0,5303.0,5094.0,5151.0,8485944340,585606,110,5154.0,5165.0
2024-03-02,5104.0,5278.0,5104.0,5218.0,18366098710,1248609,189,5151.0,5232.0
2024-03-03,5144.0,5374.0,5144.0,5307.0,44225464660,2960763,429,5218.0,5307.0
2024-03-04,5346.0,5374.0,5151.0,5186.0,39687436140,2719036,343,5307.0,5190.0
2024-03-05,5154.0,5236.0,5112.0,5175.0,16420542330,1127095,197,5186.0,5133.0
2024-03-06,5133.0,5293.0,5069.0,5165.0,17342251280,1193435,167,5175.0,5215.0
2024-03-10,5296.0,5296.0,5151.0,5190.0,9124761020,620753,86,5165.0,5278.0
2024-03-11,5257.0,5257.0,5101.0,5133.0,26674603010,1845849,283,5190.0,5122.0
2024-03-12,5122.0,5204.0,5097.0,5126.0,13613911690,943570,139,5133.0,5126.0
2024-03-13,5186.0,5215.0,5051.0,5108.0,13220791690,921315,177,5126.0,5065.0
2024-03-16,5261.0,5261.0,5133.0,5261.0,43591105150,2944236,349,5108.0,5261.0
2024-03-17,5332.0,5417.0,5243.0,5332.0,14285272620,945650,179,5261.0,5367.0
2024-03-18,5332.0,5488.0,5328.0,5385.0,11933869290,781031,168,5332.0,5410.0
2024-03-24,5520.0,5545.0,5516.0,5467.0,10567120200,677269,106,5385.0,5545.0
2024-03-25,5627.0,5630.0,5588.0,5580.0,14746183020,930560,139,5467.0,5630.0
2024-03-26,5747.0,5747.0,5747.0,5687.0,13495462940,834083,72,5580.0,5747.0
2024-03-27,5857.0,5857.0,5857.0,5730.0,5318470230,322527,65,5687.0,5857.0
2024-03-30,5900.0,5900.0,5570.0,5726.0,59437781360,3686587,573,5730.0,5641.0
2024-04-02,5556.0,5556.0,5556.0,5563.0,18780105360,1200774,196,5726.0,5556.0
2024-04-03,5421.0,5612.0,5421.0,5456.0,21497184570,1399590,289,5563.0,5460.0
2024-04-06,5413.0,5619.0,5406.0,5527.0,35192775460,2261084,422,5456.0,5470.0
2024-04-07,5470.0,5541.0,5364.0,5406.0,18631462520,1225969,178,5527.0,5378.0
2024-04-08,5328.0,5541.0,5328.0,5403.0,10887059630,715987,158,5406.0,5357.0
2024-04-09,5335.0,5470.0,5243.0,5332.0,22341406100,1488914,196,5403.0,5293.0
2024-04-13,5204.0,5204.0,5172.0,5293.0,4854337030,333297,56,5332.0,5172.0
2024-04-14,5243.0,5243.0,5243.0,5293.0,645750000,43750,5,5293.0,5243.0
2024-04-15,5243.0,5342.0,5243.0,5296.0,45750035480,3068971,339,5293.0,5300.0
2024-04-16,5247.0,5247.0,5247.0,5282.0,4949308840,335092,50,5296.0,5247.0
2024-04-17,5232.0,5232.0,5232.0,5264.0,7382366670,501179,56,5282.0,5232.0
2024-04-20,5151.0,5413.0,5151.0,5339.0,19401278390,1289944,179,5264.0,5325.0
2024-04-21,5204.0,5435.0,5204.0,5296.0,17315905700,1162848,214,5339.0,5257.0
2024-04-22,5431.0,5431.0,5222.0,5264.0,23322997680,1573872,219,5296.0,5254.0
2024-04-23,5261.0,5328.0,5186.0,5257.0,16996479110,1148768,212,5264.0,5186.0
2024-04-24,5158.0,5413.0,5158.0,5396.0,26769603690,1762341,236,5257.0,5413.0
2024-04-27,5453.0,5556.0,5438.0,5495.0,14018167330,898380,123,5396.0,5556.0
2024-04-28,5659.0,5659.0,5513.0,5623.0,42919556620,2711101,472,5495.0,5584.0
2024-04-29,5680.0,5680.0,5456.0,5545.0,25064258040,1605306,259,5623.0,5456.0
2024-04-30,5385.0,5421.0,5382.0,5467.0,9834469130,648384,87,5545.0,5382.0
2024-05-01,5335.0,5467.0,5303.0,5307.0,23120093000,1547033,188,5467.0,5303.0
2024-05-05,5186.0,5424.0,5186.0,5310.0,14127045400,944402,172,5307.0,5225.0
2024-05-06,5197.0,5360.0,5197.0,5296.0,7671496000,517075,126,5310.0,5250.0
2024-05-07,5296.0,5332.0,5186.0,5264.0,7187431920,489882,99,5296.0,5186.0
2024-05-08,5140.0,5353.0,5140.0,5271.0,5914859300,397475,88,5264.0,5289.0
2024-05-11,5350.0,5353.0,5151.0,5222.0,14061647960,960711,137,5271.0,5282.0
2024-05-12,5140.0,5154.0,5065.0,5090.0,23803857230,1661413,161,5222.0,5065.0
2024-05-13,4962.0,5239.0,4941.0,5076.0,52334916060,3662962,559,5090.0,5239.0
2024-05-14,5225.0,5225.0,5044.0,5129.0,10073373210,690851,147,5076.0,5044.0
2024-05-15,4998.0,5115.0,4977.0,5030.0,14565029100,1035161,147,5129.0,5069.0
2024-05-18,4987.0,5122.0,4902.0,5009.0,8484816910,605113,123,5030.0,4973.0
2024-05-19,4859.0,4866.0,4859.0,4984.0,3436133830,251118,40,5009.0,4866.0
2024-05-21,4884.0,4927.0,4884.0,4930.0,10904201450,792584,110,4984.0,4927.0
2024-05-25,4834.0,4849.0,4834.0,4877.0,10853583910,797351,103,4930.0,4834.0
2024-05-26,4781.0,4813.0,4781.0,4827.0,10375427950,770799,75,4877.0,4781.0
2024-05-27,4731.0,4774.0,4731.0,4749.0,15697599780,1178336,102,4827.0,4767.0
2024-05-28,4689.0,4838.0,4689.0,4767.0,12662638880,941718,111,4749.0,4831.0
2024-05-29,4859.0,4859.0,4778.0,4788.0,5204621800,381266,64,4767.0,4849.0
2024-06-01,4881.0,4881.0,4696.0,4721.0,15769319730,1190568,91,4788.0,4696.0
2024-06-02,4628.0,4703.0,4628.0,4668.0,12066596550,924362,107,4721.0,4699.0
2024-06-05,4575.0,4621.0,4575.0,4607.0,13326033150,1033623,105,4668.0,4575.0
2024-06-08,4582.0,4618.0,4518.0,4554.0,14436990100,1131065,149,4607.0,4518.0
2024-06-09,4476.0,4621.0,4465.0,4547.0,8164639440,638757,101,4554.0,4572.0
2024-06-10,4575.0,4636.0,4476.0,4557.0,3993533700,308191,78,4547.0,4636.0
2024-06-11,4618.0,4646.0,4511.0,4568.0,5786985270,446970,84,4557.0,4632.0
2024-06-12,4525.0,4653.0,4483.0,4561.0,8808538420,687342,106,4568.0,4596.0
2024-06-15,4596.0,4643.0,4472.0,4529.0,7150351870,567513,56,4561.0,4472.0
2024-06-30,4455.0,4637.0,4455.0,4525.0,3552899780,293025,49,4529.0,4637.0
2024-07-01,4581.0,4659.0,4492.0,4570.0,11463325460,924573,145,4525.0,4522.0
2024-07-02,4648.0,4648.0,4462.0,4525.0,11678667120,964202,153,4570.0,4533.0
2024-07-03,4577.0,4577.0,4421.0,4499.0,7539546590,628342,122,4525.0,4447.0
2024-07-06,4633.0,4633.0,4633.0,4633.0,24869095680,1992716,137,4499.0,4633.0
2024-07-07,4770.0,4770.0,4603.0,4692.0,14947968070,1176792,142,4633.0,4681.0
2024-07-08,4785.0,4785.0,4607.0,4689.0,7878570060,624901,122,4692.0,4703.0
2024-07-09,4807.0,4807.0,4611.0,4677.0,4997653610,399054,79,4689.0,4614.0
2024-07-10,4611.0,4741.0,4540.0,4618.0,12074798590,978633,125,4677.0,4637.0
2024-07-13,4603.0,4659.0,4488.0,4596.0,5716003520,467668,115,4618.0,4529.0
2024-07-14,4499.0,4629.0,4492.0,4581.0,4147608810,340276,62,4596.0,4529.0
2024-07-17,4529.0,4707.0,4484.0,4596.0,10797273490,869437,55,4581.0,4603.0
2024-07-20,4514.0,4618.0,4514.0,4588.0,4869752480,396531,66,4596.0,4548.0
2024-07-21,4466.0,4566.0,4466.0,4559.0,5333943750,442143,50,4588.0,4481.0
2024-07-22,4429.0,4629.0,4429.0,4555.0,6852183440,558974,61,4559.0,4499.0
2024-07-23,4566.0,4637.0,4473.0,4548.0,3719131220,306244,55,4555.0,4566.0
2024-07-24,4529.0,4529.0,4447.0,4536.0,2891477230,240484,53,4548.0,4451.0
2024-07-27,4577.0,4577.0,4421.0,4510.0,5553556360,463659,72,4536.0,4529.0
2024-07-29,4403.0,4510.0,4403.0,4507.0,1228428650,102779,31,4510.0,4414.0
2024-07-30,4377.0,4436.0,4373.0,4447.0,9394380700,795636,90,4507.0,4380.0
2024-07-31,4317.0,4414.0,4317.0,4380.0,9636461000,828486,75,4447.0,4317.0
2024-08-03,4251.0,4251.0,4251.0,4314.0,9818512400,857512,55,4380.0,4251.0
2024-08-04,4273.0,4273.0,4273.0,4314.0,441477560,38356,4,4314.0,4273.0
2024-08-06,4273.0,4273.0,4273.0,4314.0,120314030,10453,2,4314.0,4273.0
2024-08-10,4273.0,4273.0,4273.0,4295.0,9309207430,808793,43,4314.0,4273.0
2024-08-11,4254.0,4254.0,4254.0,4291.0,1155924360,100866,5,4295.0,4254.0
2024-08-14,4251.0,4251.0,4251.0,4265.0,12630678200,1103116,37,4291.0,4251.0
2024-08-17,4184.0,4239.0,4184.0,4210.0,13201747130,1171133,125,4265.0,4184.0
2024-08-18,4132.0,4202.0,4128.0,4135.0,21842078010,1960940,177,4210.0,4195.0
2024-08-19,4058.0,4176.0,4058.0,4128.0,4223168050,381773,82,4135.0,4084.0
2024-08-20,4139.0,4150.0,4046.0,4098.0,7655134020,701448,83,4128.0,4046.0
2024-08-21,4020.0,4024.0,4017.0,4084.0,3765163900,347878,36,4098.0,4017.0
2024-08-24,4013.0,4165.0,4009.0,4087.0,6628684670,600206,69,4084.0,4084.0
2024-08-26,4161.0,4161.0,4006.0,4076.0,4186481340,385748,60,4087.0,4006.0
2024-08-27,4076.0,4098.0,3998.0,4039.0,9948394840,923028,85,4076.0,4006.0
2024-08-28,4091.0,4091.0,3961.0,3998.0,10944913080,1024227,94,4039.0,4024.0
2024-08-31,4065.0,4076.0,3928.0,4046.0,18905708690,1732223,126,3998.0,4076.0
2024-09-01,4054.0,4084.0,3968.0,4009.0,11774276400,1097287,121,4046.0,3968.0
2024-09-03,3931.0,4009.0,3931.0,3957.0,13423242520,1266762,92,4009.0,3931.0
2024-09-07,3842.0,3939.0,3842.0,3883.0,13497280810,1301189,101,3957.0,3842.0
2024-09-08,3805.0,3816.0,3768.0,3864.0,3652565840,358469,56,3883.0,3768.0
2024-09-09,3831.0,3980.0,3831.0,3920.0,17479973890,1652905,143,3864.0,3898.0
2024-09-10,3813.0,4028.0,3813.0,3928.0,2496590270,233067,63,3920.0,3939.0
2024-09-11,4039.0,4039.0,3931.0,3965.0,7392967360,681853,80,3928.0,4035.0
2024-09-14,4084.0,4084.0,4054.0,3976.0,2131540560,194250,40,3965.0,4084.0
2024-09-15,3861.0,4080.0,3861.0,3980.0,6258924690,582155,61,3976.0,3994.0
2024-09-16,3924.0,4035.0,3861.0,3942.0,9479645940,901779,123,3980.0,3864.0
2024-09-17,3864.0,4020.0,3864.0,3946.0,9989752490,938914,119,3942.0,4013.0
2024-09-18,3916.0,4054.0,3916.0,3950.0,5209206910,487664,63,3946.0,3942.0
2024-09-22,4043.0,4043.0,3861.0,3946.0,6842506260,645197,87,3950.0,3905.0
2024-09-23,4061.0,4061.0,4046.0,4054.0,19152406820,1750766,64,3946.0,4061.0
2024-09-24,4173.0,4173.0,4173.0,4106.0,9234592920,821583,24,4054.0,4173.0
2024-09-25,4228.0,4228.0,4228.0,4228.0,41504954980,3643982,130,4106.0,4228.0
2024-09-28,4187.0,4187.0,4187.0,4221.0,3058989360,271187,21,4228.0,4187.0
2024-09-29,4180.0,4180.0,4180.0,4213.0,4085589660,362841,28,4221.0,4180.0
2024-09-30,4173.0,4173.0,4173.0,4195.0,9453930280,841097,31,4213.0,4173.0
2024-10-01,4154.0,4154.0,4154.0,4191.0,1539967800,137620,6,4195.0,4154.0
2024-10-02,4150.0,4150.0,4150.0,4184.0,3189788160,285312,8,4191.0,4150.0
2024-10-05,4143.0,4143.0,4143.0,4184.0,819065880,73393,5,4184.0,4143.0
2024-10-06,4143.0,4143.0,4143.0,4184.0,666385920,59712,3,4184.0,4143.0
2024-10-07,4143.0,4143.0,4143.0,4173.0,5094383760,456486,21,4184.0,4143.0
2024-10-08,4132.0,4132.0,4132.0,4165.0,3401494950,305615,16,4173.0,4132.0
2024-10-09,4124.0,4124.0,4124.0,4139.0,12671432730,1140543,38,4165.0,4124.0
2024-10-12,4017.0,4121.0,4017.0,4028.0,27790671800,2560183,157,4139.0,4069.0
2024-10-13,4032.0,4084.0,3909.0,3983.0,14003905760,1311190,105,4028.0,3950.0
2024-10-14,3872.0,3872.0,3864.0,3950.0,5102264470,490063,46,3983.0,3864.0
2024-10-15,3835.0,3839.0,3835.0,3939.0,1690656150,163655,20,3950.0,3835.0
2024-10-16,3824.0,3824.0,3824.0,3928.0,1775915700,172419,17,3939.0,3824.0
2024-10-19,3813.0,3813.0,3813.0,3902.0,4328137450,421435,23,3928.0,3813.0
2024-10-20,3787.0,3787.0,3787.0,3894.0,1465230000,143650,6,3902.0,3787.0
2024-10-21,3779.0,3779.0,3779.0,3883.0,1631253380,160241,8,3894.0,3779.0
2024-10-22,3768.0,3805.0,3768.0,3846.0,6237863350,614489,56,3883.0,3768.0
2024-10-23,3731.0,3731.0,3731.0,3839.0,1225054800,121896,10,3846.0,3731.0
2024-10-26,3723.0,3946.0,3723.0,3839.0,11536063570,1115219,110,3839.0,3879.0
2024-10-27,3831.0,3954.0,3831.0,3946.0,21090580520,1983449,155,3839.0,3954.0
2024-10-28,3868.0,4009.0,3853.0,3939.0,15676107910,1478738,125,3946.0,3909.0
2024-10-29,3839.0,3846.0,3824.0,3909.0,5401529240,524031,66,3939.0,3824.0
2024-10-30,3794.0,3954.0,3794.0,3835.0,16268478050,1580810,169,3909.0,3801.0
2024-11-02,3801.0,3887.0,3723.0,3824.0,8070058930,787618,88,3835.0,3727.0
2024-11-03,3712.0,3801.0,3712.0,3805.0,3448733810,344422,39,3824.0,3712.0
2024-11-16,3918.0,3918.0,3918.0,3832.0,4938517761,1181181,43,3805.0,3918.0
2024-11-17,3947.0,3947.0,3947.0,3896.0,11646939607,2765837,56,3832.0,3947.0
2024-11-20,4311.0,4311.0,4311.0,4311.0,103482317600,22496156,164,3896.0,4311.0
2024-11-23,4441.0,4441.0,4441.0,4361.0,5944015258,1254541,51,4311.0,4441.0
2024-11-24,4491.0,4491.0,4491.0,4483.0,14639387488,3054964,75,4361.0,4491.0
2024-11-25,4617.0,4617.0,4499.0,4599.0,112255399095,22878623,1108,4483.0,4532.0
2024-11-26,4617.0,4681.0,4461.0,4506.0,34695391757,7216797,651,4599.0,4461.0
2024-11-27,4480.0,4480.0,4371.0,4447.0,6633210580,1422034,152,4506.0,4371.0
2024-11-30,4314.0,4314.0,4314.0,4403.0,4783741398,1039266,75,4447.0,4314.0
2024-12-01,4272.0,4272.0,4272.0,4361.0,4618771814,1013333,43,4403.0,4272.0
2024-12-02,4231.0,4491.0,4231.0,4399.0,90313223712,19244054,787,4361.0,4491.0
2024-12-03,4527.0,4530.0,4314.0,4416.0,37921003874,8048321,617,4399.0,4318.0
2024-12-04,4318.0,4404.0,4312.0,4340.0,26653856081,5755936,449,4416.0,4325.0
2024-12-07,4323.0,4327.0,4211.0,4300.0,5186971558,1150023,123,4340.0,4211.0
2024-12-08,4302.0,4330.0,4172.0,4190.0,33725589916,7544408,410,4300.0,4264.0
2024-12-09,4309.0,4309.0,4204.0,4282.0,25741387201,5633587,359,4190.0,4269.0
2024-12-10,4283.0,4327.0,4163.0,4198.0,26099785339,5826742,458,4282.0,4165.0
2024-12-11,4218.0,4324.0,4121.0,4286.0,58168136068,12720062,519,4198.0,4288.0
2024-12-14,4415.0,4415.0,4389.0,4415.0,20938137645,4445832,215,4286.0,4415.0
2024-12-15,4547.0,4547.0,4415.0,4530.0,44128651052,9131292,528,4415.0,4547.0
2024-12-16,4664.0,4664.0,4421.0,4535.0,24044189190,4968814,441,4530.0,4426.0
2024-12-17,4433.0,4433.0,4400.0,4425.0,12714173186,2707116,220,4535.0,4400.0
2024-12-18,4358.0,4358.0,4293.0,4294.0,22028450702,4808655,367,4425.0,4340.0
2024-12-21,4405.0,4422.0,4349.0,4412.0,20674951225,4392304,301,4294.0,4422.0
2024-12-22,4536.0,4536.0,4280.0,4304.0,24736516227,5387397,414,4412.0,4280.0
2024-12-23,4232.0,4375.0,4232.0,4296.0,13183332255,2876669,327,4304.0,4307.0
2024-12-24,4311.0,4385.0,4184.0,4301.0,12689790690,2764844,283,4296.0,4265.0
2024-12-25,4293.0,4293.0,4173.0,4180.0,20930578214,4692695,442,4301.0,4173.0
2024-12-28,4171.0,4305.0,4171.0,4262.0,29367094217,6459240,448,4180.0,4240.0
2024-12-29,4352.0,4352.0,4204.0,4236.0,19670008497,4352633,382,4262.0,4232.0
2024-12-30,4162.0,4265.0,4161.0,4182.0,15429761143,3458307,267,4236.0,4207.0
2024-12-31,4256.0,4307.0,4246.0,4302.0,21377991641,4657922,260,4182.0,4307.0
2025-01-01,4430.0,4430.0,4360.0,4427.0,49867003267,10559245,567,4302.0,4430.0
2025-01-04,4558.0,4558.0,4406.0,4454.0,29337260495,6173216,565,4427.0,4433.0
2025-01-05,4433.0,4494.0,4324.0,4400.0,16891741104,3597945,374,4454.0,4359.0
2025-01-06,4386.0,4488.0,4312.0,4373.0,12174482060,2612607,268,4400.0,4464.0
2025-01-07,4479.0,4504.0,4479.0,4502.0,30289380570,6305913,240,4373.0,4504.0
2025-01-08,4538.0,4637.0,4538.0,4630.0,26880298976,5440812,353,4502.0,4637.0
2025-01-11,4769.0,4769.0,4639.0,4759.0,69629596948,13714832,730,4630.0,4764.0
2025-01-12,4780.0,4901.0,4621.0,4865.0,59608777149,11482152,781,4759.0,4901.0
2025-01-13,5004.0,5011.0,4968.0,5009.0,80203233874,15007834,506,4865.0,5011.0
2025-01-15,5156.0,5159.0,5146.0,5159.0,48003264530,8722083,412,5009.0,5159.0
2025-01-18,5305.0,5305.0,5005.0,5099.0,58260967970,10704737,639,5159.0,5005.0
2025-01-19,4949.0,5061.0,4949.0,4958.0,74832634380,14145207,584,5099.0,4949.0
2025-01-20,4818.0,5043.0,4818.0,4836.0,25405283020,4919824,405,4958.0,4818.0
2025-01-21,4808.0,4921.0,4696.0,4733.0,26720323220,5293600,358,4836.0,4789.0
2025-01-22,4705.0,4855.0,4602.0,4714.0,15325885380,3049583,318,4733.0,4677.0
2025-01-25,4808.0,4808.0,4602.0,4668.0,9904798640,1995876,194,4714.0,4668.0
2025-01-26,4611.0,4799.0,4536.0,4611.0,10778494640,2202940,268,4668.0,4555.0
2025-01-27,4564.0,4593.0,4480.0,4508.0,16167443690,3363942,230,4611.0,4480.0
2025-01-29,4377.0,4621.0,4377.0,4396.0,15587356330,3324329,304,4508.0,4377.0
2025-02-01,4283.0,4311.0,4265.0,4270.0,14297324051,3139963,253,4396.0,4265.0
2025-02-02,4311.0,4377.0,4180.0,4272.0,12792539866,2806512,200,4270.0,4232.0
2025-02-03,4340.0,4399.0,4330.0,4324.0,7300234595,1563276,128,4272.0,4386.0
2025-02-04,4453.0,4453.0,4363.0,4419.0,11967651525,2523368,239,4324.0,4427.0
2025-02-05,4321.0,4402.0,4321.0,4396.0,4980392867,1073507,147,4419.0,4328.0
2025-02-09,4265.0,4368.0,4265.0,4279.0,14150852933,3102792,234,4396.0,4265.0
2025-02-11,4151.0,4151.0,4151.0,4258.0,2277329794,514186,48,4279.0,4151.0
2025-02-15,4131.0,4131.0,4131.0,4243.0,1670424873,379039,23,4258.0,4131.0
2025-02-16,4116.0,4116.0,4116.0,4232.0,1317503376,299978,38,4243.0,4116.0
2025-02-17,4105.0,4255.0,4105.0,4106.0,25015210982,5709289,358,4232.0,4105.0
2025-02-18,4218.0,4218.0,3999.0,4081.0,6855191164,1585458,159,4106.0,4096.0
2025-02-19,4143.0,4143.0,3961.0,4027.0,9280172695,2174385,208,4081.0,3961.0
2025-02-22,4076.0,4076.0,3907.0,3947.0,9901223925,2373906,183,4027.0,3907.0
2025-02-23,3955.0,4030.0,3871.0,3939.0,8289393203,1975286,260,3947.0,3927.0
2025-02-24,3872.0,4057.0,3872.0,4042.0,54219964566,12573722,391,3939.0,4057.0
2025-02-25,4162.0,4162.0,4162.0,4158.0,14914969711,3358471,106,4042.0,4162.0
2025-02-26,4282.0,4282.0,4218.0,4281.0,48670783041,10657912,458,4158.0,4282.0
2025-03-01,4330.0,4330.0,4152.0,4154.0,42531664836,9597171,318,4281.0,4152.0
2025-03-02,4031.0,4104.0,4030.0,4062.0,11371473519,2638230,220,4154.0,4030.0
2025-03-03,3940.0,3943.0,3940.0,3940.0,14510090230,3451433,170,4062.0,3940.0
2025-03-04,3854.0,3940.0,3822.0,3841.0,14594250593,3561663,230,3940.0,3822.0
2025-03-05,3880.0,3880.0,3727.0,3750.0,10587712879,2661730,190,3841.0,3727.0
2025-03-08,3862.0,3862.0,3677.0,3833.0,25065986638,6128567,357,3750.0,3843.0
2025-03-09,3936.0,3936.0,3719.0,3788.0,10944434561,2719457,281,3833.0,3719.0
2025-03-10,3693.0,3829.0,3675.0,3706.0,12217118346,3103817,248,3788.0,3675.0
2025-03-11,3729.0,3729.0,3595.0,3683.0,3398542981,882186,142,3706.0,3626.0
2025-03-12,3581.0,3721.0,3574.0,3644.0,7836802008,2033999,200,3683.0,3649.0
2025-03-15,3727.0,3753.0,3627.0,3698.0,8840168355,2217007,143,3644.0,3713.0
2025-03-16,3786.0,3807.0,3587.0,3668.0,8874295991,2280542,229,3698.0,3591.0
2025-03-17,3581.0,3637.0,3558.0,3623.0,6098372265,1605023,170,3668.0,3558.0
2025-03-18,3516.0,3571.0,3516.0,3538.0,11411327683,3042164,128,3623.0,3517.0
2025-03-25,3608.0,3608.0,3484.0,3541.0,2400946070,632650,100,3538.0,3546.0
2025-03-26,3590.0,3590.0,3435.0,3480.0,9604512983,2610340,244,3541.0,3468.0
2025-03-29,3393.0,3459.0,3376.0,3441.0,6453485550,1783310,164,3480.0,3376.0
2025-03-30,3459.0,3459.0,3338.0,3413.0,9544132114,2633310,180,3441.0,3458.0
2025-04-05,3459.0,3514.0,3386.0,3415.0,1561676338,425219,79,3413.0,3410.0
2025-04-06,3410.0,3500.0,3377.0,3417.0,1838677756,501967,58,3415.0,3380.0
2025-04-07,3476.0,3477.0,3315.0,3400.0,2745382699,772916,83,3417.0,3410.0
2025-04-08,3430.0,3502.0,3422.0,3422.0,4000117665,1076220,107,3400.0,3468.0
2025-04-09,3524.0,3524.0,3320.0,3408.0,4038428790,1122773,101,3422.0,3374.0
2025-04-12,3402.0,3402.0,3322.0,3389.0,4574648453,1280581,102,3408.0,3335.0
2025-04-13,3402.0,3490.0,3347.0,3447.0,9893342197,2665530,200,3389.0,3490.0
2025-04-14,3549.0,3550.0,3506.0,3536.0,14324845375,3787967,202,3447.0,3550.0
2025-04-15,3550.0,3550.0,3440.0,3502.0,6684708812,1811886,168,3536.0,3441.0
2025-04-16,3497.0,3497.0,3397.0,3486.0,4605912501,1251962,120,3502.0,3407.0
2025-04-19,3501.0,3573.0,3501.0,3510.0,10431369359,2776330,158,3486.0,3501.0
2025-04-20,3577.0,3615.0,3576.0,3610.0,15725523886,4082250,192,3510.0,3615.0
2025-04-21,3718.0,3718.0,3629.0,3705.0,22085122817,5586713,201,3610.0,3638.0
2025-04-22,3730.0,3730.0,3605.0,3674.0,11222488208,2873095,155,3705.0,3679.0
2025-04-23,3691.0,3691.0,3564.0,3614.0,11477762572,2993644,203,3674.0,3623.0
2025-04-26,3689.0,3689.0,3526.0,3609.0,8553702601,2223427,195,3614.0,3618.0
2025-04-27,3654.0,3654.0,3505.0,3589.0,9112990797,2388296,166,3609.0,3517.0
2025-04-28,3692.0,3692.0,3488.0,3578.0,17257138844,4521659,228,3589.0,3514.0
2025-04-29,3578.0,3684.0,3563.0,3652.0,13969535743,3578919,233,3578.0,3674.0
2025-04-30,3760.0,3760.0,3733.0,3752.0,14439290272,3599106,122,3652.0,3760.0
2025-05-03,3747.0,3747.0,3639.0,3682.0,11182575574,2863727,220,3752.0,3645.0
2025-05-04,3587.0,3740.0,3587.0,3681.0,6851637122,1744797,163,3682.0,3702.0
2025-05-05,3571.0,3627.0,3571.0,3574.0,259783945850,68137596,1907,3681.0,3571.0
2025-05-06,3580.0,3681.0,3570.0,3661.0,168368121954,43104651,1595,3574.0,3681.0
2025-05-07,3771.0,3771.0,3705.0,3768.0,105611215308,26269449,761,3661.0,3771.0
2025-05-10,3880.0,3880.0,3749.0,3870.0,167559091124,40582509,1095,3768.0,3880.0
2025-05-11,3985.0,3985.0,3965.0,3985.0,88250582986,20755440,509,3870.0,3985.0
2025-05-12,4104.0,4104.0,4104.0,4104.0,33449420642,7638598,152,3985.0,4104.0
2025-05-13,4227.0,4227.0,3982.0,4057.0,187587198284,43332801,1434,4104.0,3982.0
2025-05-14,3937.0,4010.0,3937.0,3940.0,208229775620,49537059,1346,4057.0,3937.0
2025-05-17,3946.0,4054.0,3823.0,3881.0,81964608763,19793952,842,3940.0,3906.0
2025-05-18,3843.0,3997.0,3822.0,3977.0,151705493457,35752049,645,3881.0,3997.0
2025-05-19,4096.0,4096.0,4013.0,4095.0,133607131166,30578966,643,3977.0,4096.0
2025-05-20,4218.0,4218.0,4033.0,4173.0,250195158860,56192655,1359,4095.0,4166.0
2025-05-21,4050.0,4297.0,4050.0,4261.0,169715967667,37336529,1047,4173.0,4297.0
2025-05-24,4386.0,4386.0,4133.0,4161.0,94654008389,21320491,802,4261.0,4133.0
2025-05-25,4197.0,4197.0,4197.0,4161.0,22390000,5000,1,4161.0,4197.0
2025-05-26,4180.0,4281.0,4037.0,4099.0,68568770083,15678582,541,4161.0,4246.0
2025-05-27,4221.0,4221.0,4221.0,4221.0,60615205832,13458083,235,4099.0,4221.0
2025-05-28,4265.0,4343.0,4119.0,4250.0,54165117067,11945847,530,4221.0,4260.0
2025-05-31,4311.0,4313.0,4122.0,4168.0,70218737430,15791198,564,4250.0,4123.0
2025-06-01,4095.0,4123.0,4043.0,4048.0,44035908630,10196330,363,4168.0,4122.0
2025-06-02,4044.0,4169.0,4011.0,4136.0,51306684149,11626404,342,4048.0,4161.0
2025-06-03,4037.0,4170.0,4037.0,4102.0,9430194002,2163783,157,4136.0,4096.0
2025-06-07,4071.0,4098.0,3980.0,4031.0,9912697020,2324142,109,4102.0,3980.0
2025-06-08,3910.0,3990.0,3910.0,3916.0,56032588985,13411521,394,4031.0,3910.0
2025-06-09,3845.0,3912.0,3799.0,3867.0,6465701265,1590020,153,3916.0,3799.0
2025-06-10,3752.0,3864.0,3752.0,3757.0,76500259447,19087846,515,3867.0,3753.0
2025-06-11,3833.0,3833.0,3693.0,3755.0,17867204767,4460322,248,3757.0,3711.0
2025-06-28,3642.0,3642.0,3642.0,3691.0,8302489518,2136513,29,3755.0,3642.0
2025-06-29,3580.0,3580.0,3580.0,3580.0,14339584760,3753818,34,3691.0,3580.0
2025-06-30,3474.0,3474.0,3474.0,3535.0,5880469558,1586743,20,3580.0,3474.0
2025-07-01,3429.0,3429.0,3429.0,3516.0,2602957715,711385,27,3535.0,3429.0
2025-07-02,3411.0,3561.0,3411.0,3418.0,186292827469,51078771,1165,3516.0,3515.0
2025-07-07,3364.0,3409.0,3316.0,3337.0,45302454932,12723745,342,3418.0,3316.0
2025-07-08,3238.0,3239.0,3237.0,3289.0,6850290340,1983172,60,3337.0,3237.0
2025-07-09,3190.0,3235.0,3190.0,3190.0,24933713800,7324738,170,3289.0,3190.0
2025-07-12,3200.0,3286.0,3200.0,3217.0,7720217603,2232270,156,3190.0,3220.0
2025-07-13,3286.0,3306.0,3200.0,3230.0,11242752879,3257270,460,3217.0,3279.0
2025-07-14,3260.0,3309.0,3237.0,3249.0,10685484550,3075417,474,3230.0,3237.0
2025-07-15,3248.0,3309.0,3243.0,3263.0,9170467223,2626223,206,3249.0,3295.0
2025-07-16,3312.0,3327.0,3292.0,3285.0,7896308292,2238236,139,3263.0,3300.0
2025-07-19,3290.0,3341.0,3262.0,3287.0,7881384786,2246144,226,3285.0,3280.0
2025-07-23,3193.0,3244.0,3189.0,3238.0,7409274879,2322415,115,3287.0,3190.0
2025-07-26,3238.0,3238.0,3141.0,3163.0,17887668133,5655278,346,3238.0,3174.0
2025-07-27,3244.0,3244.0,3069.0,3139.0,4150473698,1347584,127,3163.0,3098.0
2025-07-28,3190.0,3190.0,3045.0,3058.0,12259328131,4025595,91,3139.0,3045.0
2025-07-29,2967.0,2968.0,2967.0,3024.0,5105817116,1720868,48,3058.0,2967.0
2025-07-30,2934.0,2934.0,2934.0,2999.0,3797966178,1294467,46,3024.0,2934.0
